-- phpMyAdmin SQL Dump
-- version 4.4.13.1deb1
-- http://www.phpmyadmin.net
--
-- Хост: localhost
-- Время создания: Мар 09 2016 г., 16:14
-- Версия сервера: 5.6.28-0ubuntu0.15.10.1
-- Версия PHP: 5.6.11-1ubuntu3.1

SET SQL_MODE = "NO_AUTO_VALUE_ON_ZERO";
SET time_zone = "+00:00";


/*!40101 SET @OLD_CHARACTER_SET_CLIENT=@@CHARACTER_SET_CLIENT */;
/*!40101 SET @OLD_CHARACTER_SET_RESULTS=@@CHARACTER_SET_RESULTS */;
/*!40101 SET @OLD_COLLATION_CONNECTION=@@COLLATION_CONNECTION */;
/*!40101 SET NAMES utf8mb4 */;

--
-- База данных: `rename`
--

-- --------------------------------------------------------

--
-- Структура таблицы `areas`
--

CREATE TABLE IF NOT EXISTS `areas` (
  `id` int(11) NOT NULL,
  `old_name` varchar(255) NOT NULL,
  `new_name` varchar(255) NOT NULL,
  `modify_time` timestamp NOT NULL DEFAULT CURRENT_TIMESTAMP ON UPDATE CURRENT_TIMESTAMP
) ENGINE=InnoDB AUTO_INCREMENT=3 DEFAULT CHARSET=utf8;

--
-- Дамп данных таблицы `areas`
--

INSERT INTO `areas` (`id`, `old_name`, `new_name`, `modify_time`) VALUES
(1, 'Кіровський', 'Фортечний', '2016-02-29 10:27:14'),
(2, 'Ленінський', 'Подільський', '2016-02-29 10:27:14');

-- --------------------------------------------------------

--
-- Структура таблицы `data`
--

CREATE TABLE IF NOT EXISTS `data` (
  `id` int(11) NOT NULL,
  `old_name` text,
  `reason_to_rename` text,
  `new_name` text,
  `date_and_number_of_resolve` text,
  `object_type` varchar(255) DEFAULT NULL,
  `eponim` text,
  `other` text,
  `last_modify_time` timestamp NOT NULL DEFAULT CURRENT_TIMESTAMP,
  `eponim_type` int(11) NOT NULL DEFAULT '0',
  `area_id` int(11) DEFAULT NULL,
  `resolve_date` varchar(255) DEFAULT NULL,
  `project` int(11) DEFAULT NULL
) ENGINE=InnoDB AUTO_INCREMENT=131 DEFAULT CHARSET=utf8;

--
-- Дамп данных таблицы `data`
--

INSERT INTO `data` (`id`, `old_name`, `reason_to_rename`, `new_name`, `date_and_number_of_resolve`, `object_type`, `eponim`, `other`, `last_modify_time`, `eponim_type`, `area_id`, `resolve_date`, `project`) VALUES
(2, '1-й Колгоспний провулок', NULL, '1-й Веселковий', 'Проект розпорядження, підготований Кіровоградською міською топонімічною комісією 17.02.2016', 'провулок', NULL, NULL, '2016-02-25 14:03:22', 0, 2, '17.02.2016', 1),
(3, '1-ї П’ятирічки', NULL, 'Корсунська', 'Розпорядження «Про перейменування вулиць, провулків та інших об’єктів топоніміки міста» № 24 від 19.02.2016', 'вулиця', NULL, NULL, '2016-02-25 14:03:22', 0, 1, '19.02.2016', NULL),
(4, '20 років міліції', NULL, 'Солдатська', 'Проект розпорядження, підготований Кіровоградською міською топонімічною комісією 17.02.2016', 'вулиця', NULL, NULL, '2016-02-25 14:03:22', 0, 2, '17.02.2016', 1),
(5, '2-ї П’ятирічки', NULL, 'Батуринська', 'Розпорядження «Про перейменування вулиць, провулків та інших об’єктів топоніміки міста» № 24 від 19.02.2016', 'вулиця', 'https://uk.wikipedia.org/wiki/%D0%91%D0%B0%D1%82%D1%83%D1%80%D0%B8%D0%BD', NULL, '2016-02-25 14:03:22', 2, 1, '19.02.2016', NULL),
(6, '3-ї П’ятирічки', NULL, 'Юрія Власенка', 'Рішення Кіровоградської міської ради від 16.12.2014 № 3761', 'вулиця', 'https://uk.wikipedia.org/wiki/%D0%92%D0%BB%D0%B0%D1%81%D0%B5%D0%BD%D0%BA%D0%BE_%D0%AE%D1%80%D1%96%D0%B9_%D0%9E%D0%BB%D0%B5%D0%BA%D1%81%D0%B0%D0%BD%D0%B4%D1%80%D0%BE%D0%B2%D0%B8%D1%87', NULL, '2016-02-25 14:03:22', 1, 1, '16.12.2014', NULL),
(7, '2-й Більшовицький', NULL, 'Олекси Береста', 'Розпорядження «Про перейменування вулиць, провулків та інших об’єктів топоніміки міста» № 24 від 19.02.2016', 'провулок', 'https://uk.wikipedia.org/wiki/%D0%91%D0%B5%D1%80%D0%B5%D1%81%D1%82_%D0%9E%D0%BB%D0%B5%D0%BA%D1%81%D1%96%D0%B9_%D0%9F%D1%80%D0%BE%D0%BA%D0%BE%D0%BF%D0%BE%D0%B2%D0%B8%D1%87', NULL, '2016-02-25 14:03:22', 1, NULL, '19.02.2016', NULL),
(8, '3-го Вересня', NULL, 'Івана Маркова', 'http://www.kr-rada.gov.ua/news/u-kirovogradi-miska-23-2-16.html', 'вулиця', 'https://uk.wikipedia.org/wiki/%D0%9C%D0%B0%D1%80%D0%BA%D0%BE%D0%B2_%D0%86%D0%B2%D0%B0%D0%BD_%D0%90%D0%BD%D0%B0%D1%82%D0%BE%D0%BB%D1%96%D0%B9%D0%BE%D0%B2%D0%B8%D1%87', NULL, '2016-02-25 14:03:22', 1, 2, '23.02.2016', NULL),
(9, '40 років Жовтня', NULL, 'Івана Усенка', 'Розпорядження «Про перейменування вулиць, провулків та інших об’єктів топоніміки міста» № 24 від 19.02.2016', 'вулиця', 'https://uk.wikipedia.org/wiki/%D0%A3%D1%81%D0%B5%D0%BD%D0%BA%D0%BE_%D0%86%D0%B2%D0%B0%D0%BD_%D0%A0%D0%BE%D0%BC%D0%B0%D0%BD%D0%BE%D0%B2%D0%B8%D1%87', NULL, '2016-02-25 14:03:22', 1, 2, '19.02.2016', NULL),
(10, '40 років Радянської Армії', NULL, 'Отамана Костя Степового', 'Розпорядження «Про перейменування вулиць, провулків та інших об’єктів топоніміки міста» № 24 від 19.02.2016', 'вулиця', 'https://uk.wikipedia.org/wiki/%D0%9F%D0%B5%D1%81%D1%82%D1%83%D1%88%D0%BA%D0%BE_%D0%9A%D0%BE%D1%81%D1%82%D1%8F%D0%BD%D1%82%D0%B8%D0%BD_%D0%AE%D1%80%D1%96%D0%B9%D0%BE%D0%B2%D0%B8%D1%87', NULL, '2016-02-25 14:03:22', 1, 1, '19.02.2016', NULL),
(11, '40 років України', NULL, 'Станіслава Майсеєва', 'http://www.kr-rada.gov.ua/news/u-kirovogradi-miska-23-2-16.html', 'вулиця', 'https://uk.wikipedia.org/wiki/%D0%9C%D0%B0%D0%B9%D1%81%D0%B5%D1%94%D0%B2_%D0%A1%D1%82%D0%B0%D0%BD%D1%96%D1%81%D0%BB%D0%B0%D0%B2_%D0%90%D0%BD%D0%B0%D1%82%D0%BE%D0%BB%D1%96%D0%B9%D0%BE%D0%B2%D0%B8%D1%87', NULL, '2016-02-25 14:03:22', 1, 1, '23.02.2016', NULL),
(12, '40 років України провулок', NULL, 'Конотопський', 'Проект розпорядження, підготований Кіровоградською міською топонімічною комісією 17.02.2016', 'провулок', 'https://uk.wikipedia.org/wiki/%D0%9A%D0%BE%D0%BD%D0%BE%D1%82%D0%BE%D0%BF', NULL, '2016-02-25 14:03:22', 2, 1, '17.02.2016', 1),
(13, '40-річчя Перемоги', NULL, 'Бобринецький шлях', 'Проект розпорядження, підготований Кіровоградською міською топонімічною комісією 17.02.2016', 'вулиця', 'історична назва', NULL, '2016-02-25 14:03:22', 3, 2, '17.02.2016', 1),
(14, '50 років Жовтня', NULL, 'Соборна', 'Розпорядження «Про перейменування вулиць, провулків та інших об’єктів топоніміки міста» № 24 від 19.02.2016', 'вулиця', 'https://uk.wikipedia.org/wiki/%D0%A1%D0%BE%D0%B1%D0%BE%D1%80_%D0%A0%D1%96%D0%B7%D0%B4%D0%B2%D0%B0_%D0%91%D0%BE%D0%B3%D0%BE%D1%80%D0%BE%D0%B4%D0%B8%D1%86%D1%96_(%D0%9A%D1%96%D1%80%D0%BE%D0%B2%D0%BE%D0%B3%D1%80%D0%B0%D0%B4)', NULL, '2016-02-25 14:03:22', 2, 1, '19.02.2016', NULL),
(15, '50 років Радянської Армії', NULL, 'Павла Луньова', 'Розпорядження «Про перейменування вулиць, провулків та інших об’єктів топоніміки міста» № 24 від 19.02.2016', 'вулиця', 'https://uk.wikipedia.org/wiki/%D0%9B%D1%83%D0%BD%D1%8C%D0%BE%D0%B2_%D0%9F%D0%B0%D0%B2%D0%BB%D0%BE_%D0%A4%D0%B5%D0%B4%D0%BE%D1%80%D0%BE%D0%B2%D0%B8%D1%87', NULL, '2016-02-25 14:03:22', 1, 2, '19.02.2016', NULL),
(16, '60 років ВЛКСМ» сквер', NULL, 'Кирила і Мефодія', 'Проект розпорядження, підготований Кіровоградською міською топонімічною комісією 17.02.2016', 'сквер', 'https://uk.wikipedia.org/wiki/%D0%9A%D0%B8%D1%80%D0%B8%D0%BB%D0%BE_%D1%96_%D0%9C%D0%B5%D1%84%D0%BE%D0%B4%D1%96%D0%B9', NULL, '2016-02-25 14:03:22', 1, 1, '17.02.2016', 1),
(17, '60 років Жовтня', NULL, 'Миколи Чеботарьова', 'Розпорядження «Про перейменування вулиць, провулків та інших об’єктів топоніміки міста» № 24 від 19.02.2016', 'вулиця', 'https://uk.wikipedia.org/wiki/%D0%A7%D0%B5%D0%B1%D0%BE%D1%82%D0%B0%D1%80%D1%8C%D0%BE%D0%B2_%D0%9C%D0%B8%D0%BA%D0%BE%D0%BB%D0%B0_%D0%93%D1%80%D0%B8%D0%B3%D0%BE%D1%80%D0%BE%D0%B2%D0%B8%D1%87', NULL, '2016-02-25 14:03:22', 1, 2, '19.02.2016', NULL),
(18, '9-го Січня', NULL, 'Січових Стрільців', 'Проект розпорядження, підготований Кіровоградською міською топонімічною комісією 17.02.2016', 'вулиця', 'https://uk.wikipedia.org/wiki/%D0%A1%D1%96%D1%87%D0%BE%D0%B2%D1%96_%D0%A1%D1%82%D1%80%D1%96%D0%BB%D1%8C%D1%86%D1%96', NULL, '2016-02-25 14:03:22', 4, 2, '17.02.2016', 1),
(19, 'Артема', NULL, 'Павла Рябкова', 'Розпорядження «Про перейменування вулиць, провулків та інших об’єктів топоніміки міста» № 24 від 19.02.2016', 'вулиця', 'https://uk.wikipedia.org/wiki/%D0%A0%D1%8F%D0%B1%D0%BA%D0%BE%D0%B2_%D0%9F%D0%B0%D0%B2%D0%BB%D0%BE_%D0%97%D0%B0%D1%85%D0%B0%D1%80%D0%BE%D0%B2%D0%B8%D1%87', NULL, '2016-02-25 14:03:22', 1, 1, '19.02.2016', NULL),
(20, 'Бабушкіна', NULL, 'Семена Тютюшкіна', 'Проект розпорядження, підготований Кіровоградською міською топонімічною комісією 17.02.2016', 'вулиця', 'https://uk.wikipedia.org/wiki/%D0%A2%D1%8E%D1%82%D1%8E%D1%88%D0%BA%D1%96%D0%BD_%D0%A1%D0%B5%D0%BC%D0%B5%D0%BD_%D0%A4%D0%BE%D0%BA%D0%BE%D0%B2%D0%B8%D1%87', NULL, '2016-02-25 14:03:22', 1, 1, '17.02.2016', 1),
(21, 'Багратіона', NULL, 'Сергія Хрипунова', 'http://www.kr-rada.gov.ua/news/u-kirovogradi-miska-23-2-16.html', 'вулиця', 'https://uk.wikipedia.org/wiki/%D0%A5%D1%80%D0%B8%D0%BF%D1%83%D0%BD%D0%BE%D0%B2_%D0%A1%D0%B5%D1%80%D0%B3%D1%96%D0%B9_%D0%92%D1%81%D0%B5%D0%B2%D0%BE%D0%BB%D0%BE%D0%B4%D0%BE%D0%B2%D0%B8%D1%87', NULL, '2016-02-25 14:03:22', 1, 2, '23.02.2016', NULL),
(22, 'Баумана', NULL, 'Євгена Сверстюка', 'Розпорядження «Про перейменування вулиць, провулків та інших об’єктів топоніміки міста» № 24 від 19.02.2016', 'вулиця', 'https://uk.wikipedia.org/wiki/%D0%A1%D0%B2%D0%B5%D1%80%D1%81%D1%82%D1%8E%D0%BA_%D0%84%D0%B2%D0%B3%D0%B5%D0%BD_%D0%9E%D0%BB%D0%B5%D0%BA%D1%81%D0%B0%D0%BD%D0%B4%D1%80%D0%BE%D0%B2%D0%B8%D1%87', NULL, '2016-02-25 14:03:22', 1, 2, '19.02.2016', NULL),
(23, 'Баумана провулок', NULL, 'Євгена Сверстюка', 'Розпорядження «Про перейменування вулиць, провулків та інших об’єктів топоніміки міста» № 24 від 19.02.2016', 'провулок', 'https://uk.wikipedia.org/wiki/%D0%A1%D0%B2%D0%B5%D1%80%D1%81%D1%82%D1%8E%D0%BA_%D0%84%D0%B2%D0%B3%D0%B5%D0%BD_%D0%9E%D0%BB%D0%B5%D0%BA%D1%81%D0%B0%D0%BD%D0%B4%D1%80%D0%BE%D0%B2%D0%B8%D1%87', NULL, '2016-02-25 14:03:22', 1, 2, '19.02.2016', NULL),
(24, 'Башкирська', NULL, 'Андрія Матвієнка', 'http://www.kr-rada.gov.ua/news/u-kirovogradi-miska-23-2-16.html', 'вулиця', 'https://uk.wikipedia.org/wiki/%D0%9C%D0%B0%D1%82%D0%B2%D1%96%D1%94%D0%BD%D0%BA%D0%BE_%D0%90%D0%BD%D0%B4%D1%80%D1%96%D0%B9_%D0%92%D1%96%D1%82%D0%B0%D0%BB%D1%96%D0%B9%D0%BE%D0%B2%D0%B8%D1%87', NULL, '2016-02-25 14:03:22', 1, 2, '23.02.2016', NULL),
(25, 'Бєлінського', NULL, 'Юрія Липи', 'Проект розпорядження, підготований Кіровоградською міською топонімічною комісією 17.02.2016', 'вулиця', 'https://uk.wikipedia.org/wiki/%D0%9B%D0%B8%D0%BF%D0%B0_%D0%AE%D1%80%D1%96%D0%B9_%D0%86%D0%B2%D0%B0%D0%BD%D0%BE%D0%B2%D0%B8%D1%87', NULL, '2016-02-25 14:03:22', 1, 1, '17.02.2016', 1),
(26, 'Боженка', NULL, 'Олександра Довженка', 'Розпорядження «Про перейменування вулиць, провулків та інших об’єктів топоніміки міста» № 24 від 19.02.2016', 'вулиця', 'https://uk.wikipedia.org/wiki/%D0%94%D0%BE%D0%B2%D0%B6%D0%B5%D0%BD%D0%BA%D0%BE_%D0%9E%D0%BB%D0%B5%D0%BA%D1%81%D0%B0%D0%BD%D0%B4%D1%80_%D0%9F%D0%B5%D1%82%D1%80%D0%BE%D0%B2%D0%B8%D1%87', 'Проект розпорядження, підготований Кіровоградською міською топонімічною комісією 17.02.2016, також містить рекомендацію перейменувати провулок Боженка на провулок Олександра Довженка.', '2016-02-25 14:03:22', 1, NULL, '19.02.2016', NULL),
(27, 'Будьонного', NULL, 'Віктора Домонтовича', 'Розпорядження «Про перейменування вулиць, провулків та інших об’єктів топоніміки міста» № 24 від 19.02.2016', 'вулиця', 'https://uk.wikipedia.org/wiki/%D0%9F%D0%B5%D1%82%D1%80%D0%BE%D0%B2_%D0%92%D1%96%D0%BA%D1%82%D0%BE%D1%80_%D0%9F%D0%BB%D0%B0%D1%82%D0%BE%D0%BD%D0%BE%D0%B2%D0%B8%D1%87', NULL, '2016-02-25 14:03:22', 1, 2, '19.02.2016', NULL),
(28, 'Будьонного провулок', NULL, 'Павла Бута', 'Розпорядження «Про перейменування вулиць, провулків та інших об’єктів топоніміки міста» № 24 від 19.02.2016', 'провулок', 'https://uk.wikipedia.org/wiki/%D0%9F%D0%B0%D0%B2%D0%BB%D0%BE_%D0%91%D1%83%D1%82', NULL, '2016-02-25 14:03:22', 1, 2, '19.02.2016', NULL),
(29, 'Ванди Василевської', NULL, 'Феодосія Козачинського', 'Розпорядження «Про перейменування вулиць, провулків та інших об’єктів топоніміки міста» № 24 від 19.02.2016', 'вулиця', 'http://wiki.library.kr.ua/index.php/%D0%9A%D0%BE%D0%B7%D0%B0%D1%87%D0%B8%D0%BD%D1%81%D1%8C%D0%BA%D0%B8%D0%B9_%D0%A4%D0%B5%D0%BE%D0%B4%D0%BE%D1%81%D1%96%D0%B9_%D0%A1%D0%B0%D1%84%D0%BE%D0%BD%D0%BE%D0%B2%D0%B8%D1%87', NULL, '2016-02-25 14:03:22', 1, 2, '19.02.2016', NULL),
(30, 'Василини', NULL, 'Леоніда Куценка', 'Розпорядження «Про перейменування вулиць, провулків та інших об’єктів топоніміки міста» № 24 від 19.02.2016', 'вулиця', 'https://uk.wikipedia.org/wiki/%D0%9A%D1%83%D1%86%D0%B5%D0%BD%D0%BA%D0%BE_%D0%9B%D0%B5%D0%BE%D0%BD%D1%96%D0%B4_%D0%92%D0%B0%D1%81%D0%B8%D0%BB%D1%8C%D0%BE%D0%B2%D0%B8%D1%87', NULL, '2016-02-25 14:03:22', 1, 2, '19.02.2016', NULL),
(31, 'Ватутіна', NULL, 'Миколи Міхновського', 'Розпорядження «Про перейменування вулиць, провулків та інших об’єктів топоніміки міста» № 24 від 19.02.2016', 'вулиця', 'https://uk.wikipedia.org/wiki/%D0%9C%D1%96%D1%85%D0%BD%D0%BE%D0%B2%D1%81%D1%8C%D0%BA%D0%B8%D0%B9_%D0%9C%D0%B8%D0%BA%D0%BE%D0%BB%D0%B0_%D0%86%D0%B2%D0%B0%D0%BD%D0%BE%D0%B2%D0%B8%D1%87', NULL, '2016-02-25 14:03:22', 1, 2, '19.02.2016', NULL),
(32, 'Ватутіна провулок', NULL, 'Йосипа Петрова', 'Проект розпорядження, підготований Кіровоградською міською топонімічною комісією 17.02.2016', 'провулок', 'https://uk.wikipedia.org/wiki/%D0%9F%D0%B5%D1%82%D1%80%D0%BE%D0%B2_%D0%99%D0%BE%D1%81%D0%B8%D0%BF_%D0%9E%D0%BF%D0%B0%D0%BD%D0%B0%D1%81%D0%BE%D0%B2%D0%B8%D1%87', 'Проект розпорядження, підготований Кіровоградською міською топонімічною комісією 17.02.2016, також містить рекомендацію перейменувати тупик і проїзд Ватутіна на, відповідно, тупик і проїзд Йосипа Петрова.', '2016-02-25 14:03:22', 1, NULL, '17.02.2016', 1),
(33, 'Воровського', NULL, 'Ігіта Гаспаряна', 'Розпорядження «Про перейменування вулиць, провулків та інших об’єктів топоніміки міста» № 24 від 19.02.2016', 'вулиця', 'https://uk.wikipedia.org/wiki/%D0%93%D0%B0%D1%81%D0%BF%D0%B0%D1%80%D1%8F%D0%BD_%D0%86%D0%B3%D1%96%D1%82_%D0%A1%D0%B0%D0%B3%D0%B0%D1%82%D0%B5%D0%BB%D0%BE%D0%B2%D0%B8%D1%87', 'Проект розпорядження, підготований Кіровоградською міською топонімічною комісією 17.02.2016, рекомендував перейменувати вулицю на честь Василя Харцієва. За словами присутніх на засіданні, зміна відбулася в усному режимі і в письмовий документ за результатами засідання не потрапила, але в розпорядженні вже відображена.', '2016-02-25 14:03:22', 1, NULL, '19.02.2016', NULL),
(34, 'Воровського сквер', NULL, 'ліквідувати', 'Проект розпорядження, підготований Кіровоградською міською топонімічною комісією 17.02.2016', 'сквер', NULL, NULL, '2016-02-25 14:03:22', 0, 2, '17.02.2016', 1),
(35, 'Гайдара', NULL, 'Олега Ольжича', 'Розпорядження «Про перейменування вулиць, провулків та інших об’єктів топоніміки міста» № 24 від 19.02.2016', 'вулиця', 'https://uk.wikipedia.org/wiki/%D0%9E%D0%BB%D0%B5%D0%B3_%D0%9E%D0%BB%D1%8C%D0%B6%D0%B8%D1%87', NULL, '2016-02-25 14:03:22', 1, 1, '19.02.2016', NULL),
(36, 'Героїв Сталінграда (від Андріївської вул. до Волкова вул.)', NULL, 'Академіка Тамма', 'Розпорядження «Про перейменування вулиць, провулків та інших об’єктів топоніміки міста» № 24 від 19.02.2016', 'вулиця', 'https://uk.wikipedia.org/wiki/%D0%A2%D0%B0%D0%BC%D0%BC_%D0%86%D0%B3%D0%BE%D1%80_%D0%84%D0%B2%D0%B3%D0%B5%D0%BD%D0%BE%D0%B2%D0%B8%D1%87', NULL, '2016-02-25 14:03:22', 1, 1, '19.02.2016', NULL),
(37, 'Героїв Сталінграда (від Волкова вул.)', NULL, 'Героїв України', 'Розпорядження «Про перейменування вулиць, провулків та інших об’єктів топоніміки міста» № 24 від 19.02.2016', 'вулиця', NULL, NULL, '2016-02-25 14:03:22', 4, 1, '19.02.2016', NULL),
(38, 'Декабристів вулиця', NULL, 'Миколи Садовського', 'Проект розпорядження, підготований Кіровоградською міською топонімічною комісією 17.02.2016', 'вулиця', 'https://uk.wikipedia.org/wiki/%D0%9C%D0%B8%D0%BA%D0%BE%D0%BB%D0%B0_%D0%A1%D0%B0%D0%B4%D0%BE%D0%B2%D1%81%D1%8C%D0%BA%D0%B8%D0%B9', NULL, '2016-02-25 14:03:22', 1, 2, '17.02.2016', 1),
(39, 'Дем’яна Бєдного', NULL, 'Олександра Олеся', 'Розпорядження «Про перейменування вулиць, провулків та інших об’єктів топоніміки міста» № 24 від 19.02.2016', 'вулиця', 'https://uk.wikipedia.org/wiki/%D0%9E%D0%BB%D0%B5%D0%BA%D1%81%D0%B0%D0%BD%D0%B4%D1%80_%D0%9E%D0%BB%D0%B5%D1%81%D1%8C', NULL, '2016-02-25 14:03:22', 1, 1, '19.02.2016', NULL),
(40, 'Дзержинського', NULL, 'Віктора Чміленка', 'Рішення Кіровоградської міської ради від 24.02.2014 № 2881', 'вулиця', 'https://uk.wikipedia.org/wiki/%D0%A7%D0%BC%D1%96%D0%BB%D0%B5%D0%BD%D0%BA%D0%BE_%D0%92%D1%96%D0%BA%D1%82%D0%BE%D1%80_%D0%86%D0%B2%D0%B0%D0%BD%D0%BE%D0%B2%D0%B8%D1%87', NULL, '2016-02-25 14:03:22', 1, 2, '24.02.2014', NULL),
(41, 'Дзержинського (с. Гірниче)', NULL, 'Івана Миколайчука', 'Розпорядження «Про перейменування вулиць, провулків та інших об’єктів топоніміки міста» № 24 від 19.02.2016', 'вулиця', 'https://uk.wikipedia.org/wiki/%D0%9C%D0%B8%D0%BA%D0%BE%D0%BB%D0%B0%D0%B9%D1%87%D1%83%D0%BA_%D0%86%D0%B2%D0%B0%D0%BD_%D0%92%D0%B0%D1%81%D0%B8%D0%BB%D1%8C%D0%BE%D0%B2%D0%B8%D1%87', NULL, '2016-02-25 14:03:22', 1, 2, '19.02.2016', NULL),
(42, 'Димитрова', NULL, 'Григорія Синиці', 'Розпорядження «Про перейменування вулиць, провулків та інших об’єктів топоніміки міста» № 24 від 19.02.2016', 'вулиця', 'https://uk.wikipedia.org/wiki/%D0%A1%D0%B8%D0%BD%D0%B8%D1%86%D1%8F_%D0%93%D1%80%D0%B8%D0%B3%D0%BE%D1%80%D1%96%D0%B9_%D0%86%D0%B2%D0%B0%D0%BD%D0%BE%D0%B2%D0%B8%D1%87', NULL, '2016-02-25 14:03:22', 1, 1, '19.02.2016', NULL),
(43, 'Дмитра Донського', NULL, 'Олексія Волохова', 'http://www.kr-rada.gov.ua/news/u-kirovogradi-miska-23-2-16.html', 'вулиця', 'https://uk.wikipedia.org/wiki/%D0%92%D0%BE%D0%BB%D0%BE%D1%85%D0%BE%D0%B2_%D0%9E%D0%BB%D0%B5%D0%BA%D1%81%D1%96%D0%B9_%D0%9E%D0%BB%D0%B5%D0%B3%D0%BE%D0%B2%D0%B8%D1%87', NULL, '2016-02-25 14:03:22', 1, 1, '23.02.2016', NULL),
(44, 'Дмитра Донського провулок', NULL, 'Олексія Волохова', 'http://www.kr-rada.gov.ua/news/u-kirovogradi-miska-23-2-16.html', 'провулок', 'https://uk.wikipedia.org/wiki/%D0%92%D0%BE%D0%BB%D0%BE%D1%85%D0%BE%D0%B2_%D0%9E%D0%BB%D0%B5%D0%BA%D1%81%D1%96%D0%B9_%D0%9E%D0%BB%D0%B5%D0%B3%D0%BE%D0%B2%D0%B8%D1%87', NULL, '2016-02-25 14:03:22', 1, 1, '23.02.2016', NULL),
(45, 'Енгельса', NULL, 'Петропавлівська', 'Розпорядження «Про перейменування вулиць, провулків та інших об’єктів топоніміки міста» № 24 від 19.02.2016', 'вулиця', 'історична назва', NULL, '2016-02-25 14:03:22', 3, 2, '19.02.2016', NULL),
(46, 'Енгельса провулок', NULL, 'Петропавлівський', 'Розпорядження «Про перейменування вулиць, провулків та інших об’єктів топоніміки міста» № 24 від 19.02.2016', 'провулок', 'історична назва', NULL, '2016-02-25 14:03:22', 3, 2, '19.02.2016', NULL),
(47, 'Жовтневий', NULL, 'Грецький', 'Розпорядження «Про перейменування вулиць, провулків та інших об’єктів топоніміки міста» № 24 від 19.02.2016', 'провулок', NULL, NULL, '2016-02-25 14:03:22', 0, 1, '19.02.2016', NULL),
(48, 'Жовтневий парк', NULL, NULL, 'Проект розпорядження, підготований Кіровоградською міською топонімічною комісією 17.02.2016', 'парк', NULL, NULL, '2016-02-25 14:03:22', 0, NULL, '17.02.2016', 1),
(49, 'Жовтневої революції', NULL, 'Вокзальна', 'Розпорядження «Про перейменування вулиць, провулків та інших об’єктів топоніміки міста» № 24 від 19.02.2016', 'вулиця', 'історична назва', NULL, '2016-02-25 14:03:22', 3, 1, '19.02.2016', NULL),
(50, 'імені 50-річчя Жовтня парк', NULL, 'Дендропарк міський', 'Проект розпорядження, підготований Кіровоградською міською топонімічною комісією 17.02.2016', 'парк', NULL, NULL, '2016-02-25 14:03:22', 0, 1, '17.02.2016', 1),
(51, 'імені Пушкіна', NULL, '«Козачий острів» парк', 'Проект розпорядження, підготований Кіровоградською міською топонімічною комісією 17.02.2016', 'парк', NULL, NULL, '2016-02-25 14:03:22', 0, 1, '17.02.2016', 1),
(52, 'імені Чекістів', NULL, 'Захисників правопорядку', 'Проект розпорядження, підготований Кіровоградською міською топонімічною комісією 17.02.2016', 'сквер', NULL, NULL, '2016-02-25 14:03:22', 0, 1, '17.02.2016', 1),
(53, 'Індустріальна', NULL, 'Вадима Височина', 'http://www.kr-rada.gov.ua/news/u-kirovogradi-miska-23-2-16.html', 'вулиця', 'https://uk.wikipedia.org/wiki/%D0%92%D0%B8%D1%81%D0%BE%D1%87%D0%B8%D0%BD_%D0%92%D0%B0%D0%B4%D0%B8%D0%BC_%D0%95%D0%B4%D1%83%D0%B0%D1%80%D0%B4%D0%BE%D0%B2%D0%B8%D1%87', NULL, '2016-02-25 14:03:22', 1, 1, '23.02.2016', NULL),
(54, 'Калініна', NULL, 'Шульгиних', 'Рішення Кіровоградської міської ради від 16.12.2014 № 3760', 'вулиця', 'http://gazeta.dt.ua/SOCIETY/shulgini_istoriya_ozhivae.html', NULL, '2016-02-25 14:03:22', 1, 2, '16.12.2014', NULL),
(55, 'Кірова вулиця', NULL, 'Михайлівська', 'Рішення Кіровоградської міської ради від 16.12.2014 № 3760', 'вулиця', 'історична назва', NULL, '2016-02-25 14:03:22', 3, 2, '16.12.2014', NULL),
(56, 'Кірова площа', NULL, 'Героїв Майдану', 'Рішення Кіровоградської міської ради від 24.02.2014 № 2881', 'площа', 'https://uk.wikipedia.org/wiki/%D0%84%D0%B2%D1%80%D0%BE%D0%BC%D0%B0%D0%B9%D0%B4%D0%B0%D0%BD', NULL, '2016-02-25 14:03:22', 4, 2, '24.12.2014', NULL),
(57, 'Кіровоградська', NULL, 'Сугокліївська', 'Розпорядження «Про перейменування вулиць, провулків та інших об’єктів топоніміки міста» № 24 від 19.02.2016', 'вулиця', 'https://uk.wikipedia.org/wiki/%D0%A1%D1%83%D0%B3%D0%BE%D0%BA%D0%BB%D1%96%D1%8F', NULL, '2016-02-25 14:03:22', 2, 2, '19.02.2016', NULL),
(58, 'Кіровський район', NULL, 'Фортечний', 'Розпорядження «Про перейменування вулиць, провулків та інших об’єктів топоніміки міста» № 24 від 19.02.2016', 'район', 'https://uk.wikipedia.org/wiki/%D0%A4%D0%BE%D1%80%D1%82%D0%B5%D1%86%D1%8F_%D1%81%D0%B2%D1%8F%D1%82%D0%BE%D1%97_%D0%84%D0%BB%D0%B8%D1%81%D0%B0%D0%B2%D0%B5%D1%82%D0%B8', NULL, '2016-02-25 14:03:22', 2, NULL, '19.02.2016', NULL),
(59, 'Колгоспна', NULL, 'Миколи Левитського', 'Розпорядження «Про перейменування вулиць, провулків та інших об’єктів топоніміки міста» № 24 від 19.02.2016', 'вулиця', 'https://uk.wikipedia.org/wiki/%D0%9B%D0%B5%D0%B2%D0%B8%D1%82%D1%81%D1%8C%D0%BA%D0%B8%D0%B9_%D0%9C%D0%B8%D0%BA%D0%BE%D0%BB%D0%B0_%D0%92%D0%B0%D1%81%D0%B8%D0%BB%D1%8C%D0%BE%D0%B2%D0%B8%D1%87', NULL, '2016-02-25 14:03:22', 1, 1, '19.02.2016', NULL),
(60, 'Колгоспний провулок', NULL, 'Веселковий', 'Розпорядження «Про перейменування вулиць, провулків та інших об’єктів топоніміки міста» № 24 від 19.02.2016', 'провулок', NULL, NULL, '2016-02-25 14:03:22', 0, 2, '19.02.2016', NULL),
(61, 'Комінтерну', NULL, 'Хортицький', 'Розпорядження «Про перейменування вулиць, провулків та інших об’єктів топоніміки міста» № 24 від 19.02.2016', 'провулок', 'https://uk.wikipedia.org/wiki/%D0%A5%D0%BE%D1%80%D1%82%D0%B8%D1%86%D1%8F', NULL, '2016-02-25 14:03:22', 2, 2, '19.02.2016', NULL),
(62, 'Комсомольська', NULL, 'Фортечна', 'Розпорядження «Про перейменування вулиць, провулків та інших об’єктів топоніміки міста» № 24 від 19.02.2016', 'вулиця', 'https://uk.wikipedia.org/wiki/%D0%A4%D0%BE%D1%80%D1%82%D0%B5%D1%86%D1%8F_%D1%81%D0%B2%D1%8F%D1%82%D0%BE%D1%97_%D0%84%D0%BB%D0%B8%D1%81%D0%B0%D0%B2%D0%B5%D1%82%D0%B8', NULL, '2016-02-25 14:03:22', 2, 2, '19.02.2016', NULL),
(63, 'Комуністичний проспект', NULL, 'Студентський бульвар', 'Розпорядження «Про перейменування вулиць, провулків та інших об’єктів топоніміки міста» № 24 від 19.02.2016', 'бульвар', NULL, NULL, '2016-02-25 14:03:22', 2, 2, '19.02.2016', NULL),
(64, 'Костянтина Заслонова', NULL, 'Євгена Подолянчука', 'http://www.kr-rada.gov.ua/news/u-kirovogradi-miska-23-2-16.html', 'вулиця', 'https://uk.wikipedia.org/wiki/%D0%9F%D0%BE%D0%B4%D0%BE%D0%BB%D1%8F%D0%BD%D1%87%D1%83%D0%BA_%D0%84%D0%B2%D0%B3%D0%B5%D0%BD_%D0%9F%D0%B5%D1%82%D1%80%D0%BE%D0%B2%D0%B8%D1%87', NULL, '2016-02-25 14:03:22', 1, 1, NULL, NULL),
(65, 'Котовського', NULL, 'Симона Петлюри', 'Розпорядження «Про перейменування вулиць, провулків та інших об’єктів топоніміки міста» № 24 від 19.02.2016', 'вулиця', 'https://uk.wikipedia.org/wiki/%D0%9F%D0%B5%D1%82%D0%BB%D1%8E%D1%80%D0%B0_%D0%A1%D0%B8%D0%BC%D0%BE%D0%BD_%D0%92%D0%B0%D1%81%D0%B8%D0%BB%D1%8C%D0%BE%D0%B2%D0%B8%D1%87', NULL, '2016-02-25 14:03:22', 1, 1, '19.02.2016', NULL),
(66, 'Котовського провулок', NULL, 'Дмитра Донцова', 'Розпорядження «Про перейменування вулиць, провулків та інших об’єктів топоніміки міста» № 24 від 19.02.2016', 'провулок', 'https://uk.wikipedia.org/wiki/%D0%94%D0%BE%D0%BD%D1%86%D0%BE%D0%B2_%D0%94%D0%BC%D0%B8%D1%82%D1%80%D0%BE_%D0%86%D0%B2%D0%B0%D0%BD%D0%BE%D0%B2%D0%B8%D1%87', NULL, '2016-02-25 14:03:22', 1, 1, '19.02.2016', NULL),
(67, 'Красіна', NULL, 'Олеся Гончара', 'Розпорядження «Про перейменування вулиць, провулків та інших об’єктів топоніміки міста» № 24 від 19.02.2016', 'вулиця', 'https://uk.wikipedia.org/wiki/%D0%93%D0%BE%D0%BD%D1%87%D0%B0%D1%80_%D0%9E%D0%BB%D0%B5%D1%81%D1%8C_%D0%A2%D0%B5%D1%80%D0%B5%D0%BD%D1%82%D1%96%D0%B9%D0%BE%D0%B2%D0%B8%D1%87', NULL, '2016-02-25 14:03:22', 1, 2, '19.02.2016', NULL),
(68, 'Красіна провулок', NULL, 'Юрія Дарагана', 'Розпорядження «Про перейменування вулиць, провулків та інших об’єктів топоніміки міста» № 24 від 19.02.2016', 'провулок', 'https://uk.wikipedia.org/wiki/%D0%94%D0%B0%D1%80%D0%B0%D0%B3%D0%B0%D0%BD_%D0%AE%D1%80%D1%96%D0%B9_%D0%AE%D1%80%D1%96%D0%B9%D0%BE%D0%B2%D0%B8%D1%87', NULL, '2016-02-25 14:03:22', 1, 2, '19.02.2016', NULL),
(69, 'Краснопресненська', NULL, 'Жовтоводська', 'Проект розпорядження, підготований Кіровоградською міською топонімічною комісією 17.02.2016', 'вулиця', 'https://uk.wikipedia.org/wiki/%D0%96%D0%BE%D0%B2%D1%82%D1%96_%D0%92%D0%BE%D0%B4%D0%B8', NULL, '2016-02-25 14:03:22', 2, 1, '17.02.2016', 1),
(70, 'Кронштадтський', NULL, 'Чумацький', 'Проект розпорядження, підготований Кіровоградською міською топонімічною комісією 17.02.2016', 'провулок', 'https://uk.wikipedia.org/wiki/%D0%A7%D1%83%D0%BC%D0%B0%D1%86%D1%82%D0%B2%D0%BE', NULL, '2016-02-25 14:03:22', 4, 1, '17.02.2016', 1),
(71, 'Кропоткіна', NULL, 'Дмитра Придатка', 'http://www.kr-rada.gov.ua/news/u-kirovogradi-miska-23-2-16.html', 'вулиця', 'http://memorybook.org.ua/19/pridatko.htm', NULL, '2016-02-25 14:03:22', 1, 2, '23.02.2016', NULL),
(72, 'Куйбишева', NULL, 'Юрія Краснокутського', 'Розпорядження «Про перейменування вулиць, провулків та інших об’єктів топоніміки міста» № 24 від 19.02.2016', 'вулиця', 'http://afgan-memorial.org/biography/krasnokutskiy_yuriy_viktorovich', NULL, '2016-02-25 14:03:22', 1, 1, '19.02.2016', NULL),
(73, 'Кутузова', NULL, 'Сергія Гришина', 'http://www.kr-rada.gov.ua/news/u-kirovogradi-miska-23-2-16.html', 'вулиця', 'http://memorybook.org.ua/4/grishin.htm', NULL, '2016-02-25 14:03:22', 1, 1, '23.02.2016', NULL),
(74, 'Лазо', NULL, 'Затишна', 'Розпорядження «Про перейменування вулиць, провулків та інших об’єктів топоніміки міста» № 24 від 19.02.2016', 'вулиця', NULL, 'Проект розпорядження, підготований Кіровоградською міською топонімічною комісією 17.02.2016, також містить рекомендацію перейменувати провулок і тупик Лазо на, відповідно, провулок Затишний і тупик Затишний.', '2016-02-25 14:03:22', 0, NULL, '19.02.2016', NULL),
(75, 'Леніна вулиця / Дворцова (від Великої Перспективної вул. до вул. Кропивницького)', NULL, 'Архітектора Паученка', 'Розпорядження «Про перейменування вулиць, провулків та інших об’єктів топоніміки міста» № 24 від 19.02.2016', NULL, 'https://uk.wikipedia.org/wiki/%D0%9F%D0%B0%D1%83%D1%87%D0%B5%D0%BD%D0%BA%D0%BE_%D0%AF%D0%BA%D1%96%D0%B2_%D0%92%D0%B0%D1%81%D0%B8%D0%BB%D1%8C%D0%BE%D0%B2%D0%B8%D1%87', NULL, '2016-02-25 14:03:22', 1, 2, '19.02.2016', NULL),
(76, 'Ленінградська', NULL, 'Павла Сніцара', 'Рішення Кіровоградської міської ради від 11.11.2014 № 3613', 'вулиця', 'https://uk.wikipedia.org/wiki/%D0%A1%D0%BD%D1%96%D1%86%D0%B0%D1%80_%D0%9F%D0%B0%D0%B2%D0%BB%D0%BE_%D0%9B%D0%B5%D0%BE%D0%BD%D1%96%D0%B4%D0%BE%D0%B2%D0%B8%D1%87', NULL, '2016-02-25 14:03:22', 1, 1, '11.11.2014', NULL),
(77, 'Ленінський район', NULL, 'Подільський', 'Розпорядження «Про перейменування вулиць, провулків та інших об’єктів топоніміки міста» № 24 від 19.02.2016', 'район', 'https://surmasite.wordpress.com/2015/12/07/%D1%81%D0%BF%D0%BE%D1%87%D0%B0%D1%82%D0%BA%D1%83-%D0%B1%D1%83%D0%B2-%D0%BF%D0%BE%D0%B4%D1%96%D0%BB/', NULL, '2016-02-25 14:03:22', 4, NULL, '19.02.2016', NULL),
(78, 'Марії Ульянової', NULL, 'Бесарабська', 'Розпорядження «Про перейменування вулиць, провулків та інших об’єктів топоніміки міста» № 24 від 19.02.2016', 'вулиця', NULL, NULL, '2016-02-25 14:03:22', 0, 1, '19.02.2016', NULL),
(79, 'Маршала Конєва', NULL, 'Юрія Коваленка', 'Розпорядження «Про перейменування вулиць, провулків та інших об’єктів топоніміки міста» № 24 від 19.02.2016', 'вулиця', 'https://uk.wikipedia.org/wiki/%D0%9A%D0%BE%D0%B2%D0%B0%D0%BB%D0%B5%D0%BD%D0%BA%D0%BE_%D0%AE%D1%80%D1%96%D0%B9_%D0%92%D1%96%D0%BA%D1%82%D0%BE%D1%80%D0%BE%D0%B2%D0%B8%D1%87', NULL, '2016-02-25 14:03:22', 1, 1, '19.02.2016', NULL),
(80, 'Медведєва', NULL, 'Євгена Чикаленка', 'Розпорядження «Про перейменування вулиць, провулків та інших об’єктів топоніміки міста» № 24 від 19.02.2016', 'вулиця', 'https://uk.wikipedia.org/wiki/%D0%A7%D0%B8%D0%BA%D0%B0%D0%BB%D0%B5%D0%BD%D0%BA%D0%BE_%D0%84%D0%B2%D0%B3%D0%B5%D0%BD_%D0%A5%D0%B0%D1%80%D0%BB%D0%B0%D0%BC%D0%BE%D0%B2%D0%B8%D1%87', NULL, '2016-02-25 14:03:22', 1, 2, '19.02.2016', NULL),
(81, 'Московська', NULL, 'Холодноярська', 'Проект розпорядження, підготований Кіровоградською міською топонімічною комісією 17.02.2016', 'вулиця', 'https://uk.wikipedia.org/wiki/%D0%A5%D0%BE%D0%BB%D0%BE%D0%B4%D0%BD%D0%BE%D1%8F%D1%80%D1%81%D1%8C%D0%BA%D0%B0_%D1%80%D0%B5%D1%81%D0%BF%D1%83%D0%B1%D0%BB%D1%96%D0%BA%D0%B0', NULL, '2016-02-25 14:03:22', 2, 1, '17.02.2016', 1),
(82, 'Московський провулок', NULL, 'Козака Мамая', 'Проект розпорядження, підготований Кіровоградською міською топонімічною комісією 17.02.2016', 'провулок', 'https://uk.wikipedia.org/wiki/%D0%9A%D0%BE%D0%B7%D0%B0%D0%BA_%D0%9C%D0%B0%D0%BC%D0%B0%D0%B9', NULL, '2016-02-25 14:03:22', 1, 1, '17.02.2016', 1),
(83, 'Московський тупик', NULL, 'Піщанський проїзд', 'Проект розпорядження, підготований Кіровоградською міською топонімічною комісією 17.02.2016', 'проїзд', NULL, NULL, '2016-02-25 14:03:22', 2, 1, '17.02.2016', 1),
(84, 'Новоросійська', NULL, 'Романа Майстерюка', 'http://www.kr-rada.gov.ua/news/u-kirovogradi-miska-23-2-16.html', 'вулиця', 'https://uk.wikipedia.org/wiki/%D0%9C%D0%B0%D0%B9%D1%81%D1%82%D0%B5%D1%80%D1%8E%D0%BA_%D0%A0%D0%BE%D0%BC%D0%B0%D0%BD_%D0%90%D0%BD%D0%B4%D1%80%D1%96%D0%B9%D0%BE%D0%B2%D0%B8%D1%87', 'Рішенням Кіровоградської міської ради від 31.03.2015 № 4076 вулицю спершу було перейменовано на «Підполковника Майстерюка Р. А.»', '2016-02-25 14:03:22', 1, NULL, '23.02.2016', NULL),
(85, 'Новоросійський', NULL, 'Максима Бендерова', 'http://www.kr-rada.gov.ua/news/u-kirovogradi-miska-23-2-16.html', 'провулок', 'https://uk.wikipedia.org/wiki/%D0%91%D0%B5%D0%BD%D0%B4%D0%B5%D1%80%D0%BE%D0%B2_%D0%9C%D0%B0%D0%BA%D1%81%D0%B8%D0%BC_%D0%92%D0%B0%D1%81%D0%B8%D0%BB%D1%8C%D0%BE%D0%B2%D0%B8%D1%87', NULL, '2016-02-25 14:03:22', 1, 1, '23.02.2016', NULL),
(86, 'Олеко Дундича', NULL, 'Петра Тодоровського', 'Розпорядження «Про перейменування вулиць, провулків та інших об’єктів топоніміки міста» № 24 від 19.02.2016', 'вулиця', 'https://uk.wikipedia.org/wiki/%D0%A2%D0%BE%D0%B4%D0%BE%D1%80%D0%BE%D0%B2%D1%81%D1%8C%D0%BA%D0%B8%D0%B9_%D0%9F%D0%B5%D1%82%D1%80%D0%BE_%D0%AE%D1%85%D0%B8%D0%BC%D0%BE%D0%B2%D0%B8%D1%87', NULL, '2016-02-25 14:03:22', 1, 2, '19.02.2016', NULL),
(87, 'Орджонікідзе (від вул. Медведєва до вул. Колгоспної)', NULL, 'Ельворті', 'Рішення Кіровоградської міської ради від 24.02.2014 № 2881', 'вулиця', NULL, NULL, '2016-02-25 14:03:22', 1, 2, '24.02.2014', NULL),
(88, 'Орджонікідзе (від вул. Медведєва до вул. Тимірязєва)', NULL, 'Кавалерійська', 'Рішення Кіровоградської міської ради від 24.02.2014 № 2881', 'вулиця', 'http://library.kr.ua/kray/shlakhovoy/eky.html', NULL, '2016-02-25 14:03:22', 2, 2, '24.02.2014', NULL),
(89, 'Павлика Морозова', NULL, 'Володимира Антоновича', 'Розпорядження «Про перейменування вулиць, провулків та інших об’єктів топоніміки міста» № 24 від 19.02.2016', 'вулиця', 'https://uk.wikipedia.org/wiki/%D0%90%D0%BD%D1%82%D0%BE%D0%BD%D0%BE%D0%B2%D0%B8%D1%87_%D0%92%D0%BE%D0%BB%D0%BE%D0%B4%D0%B8%D0%BC%D0%B8%D1%80_%D0%91%D0%BE%D0%BD%D1%96%D1%84%D0%B0%D1%82%D1%96%D0%B9%D0%BE%D0%B2%D0%B8%D1%87', NULL, '2016-02-25 14:03:22', 1, 1, '19.02.2016', NULL),
(90, 'Павлика Морозова сквер', NULL, 'Молодіжний', 'Проект розпорядження, підготований Кіровоградською міською топонімічною комісією 17.02.2016', 'сквер', NULL, NULL, '2016-02-25 14:03:22', 0, 1, '17.02.2016', 1),
(91, 'Пальміро Тольятті', NULL, 'Гетьмана Сагайдачного', 'Розпорядження «Про перейменування вулиць, провулків та інших об’єктів топоніміки міста» № 24 від 19.02.2016', 'вулиця', 'https://uk.wikipedia.org/wiki/%D0%9F%D0%B5%D1%82%D1%80%D0%BE_%D0%9A%D0%BE%D0%BD%D0%B0%D1%88%D0%B5%D0%B2%D0%B8%D1%87-%D0%A1%D0%B0%D0%B3%D0%B0%D0%B9%D0%B4%D0%B0%D1%87%D0%BD%D0%B8%D0%B9', NULL, '2016-02-25 14:03:22', 1, 1, '19.02.2016', NULL),
(92, 'Пархоменка', NULL, 'Максима Залізняка', 'Розпорядження «Про перейменування вулиць, провулків та інших об’єктів топоніміки міста» № 24 від 19.02.2016', 'вулиця', 'https://uk.wikipedia.org/wiki/%D0%9C%D0%B0%D0%BA%D1%81%D0%B8%D0%BC_%D0%97%D0%B0%D0%BB%D1%96%D0%B7%D0%BD%D1%8F%D0%BA', NULL, '2016-02-25 14:03:22', 1, 1, '19.02.2016', NULL),
(93, 'Пархоменка провулок', NULL, 'Максима Залізняка', 'Розпорядження «Про перейменування вулиць, провулків та інших об’єктів топоніміки міста» № 24 від 19.02.2016', 'провулок', 'https://uk.wikipedia.org/wiki/%D0%9C%D0%B0%D0%BA%D1%81%D0%B8%D0%BC_%D0%97%D0%B0%D0%BB%D1%96%D0%B7%D0%BD%D1%8F%D0%BA', NULL, '2016-02-25 14:03:22', 1, 1, '19.02.2016', NULL),
(94, 'Петровського', NULL, 'Івана Виговського', 'Розпорядження «Про перейменування вулиць, провулків та інших об’єктів топоніміки міста» № 24 від 19.02.2016', 'вулиця', 'https://uk.wikipedia.org/wiki/%D0%86%D0%B2%D0%B0%D0%BD_%D0%92%D0%B8%D0%B3%D0%BE%D0%B2%D1%81%D1%8C%D0%BA%D0%B8%D0%B9', NULL, '2016-02-25 14:03:22', 1, 1, '19.02.2016', NULL),
(95, 'Петровського провулок', NULL, 'Павла Полуботка', 'Розпорядження «Про перейменування вулиць, провулків та інших об’єктів топоніміки міста» № 24 від 19.02.2016', 'провулок', 'https://uk.wikipedia.org/wiki/%D0%9F%D0%B0%D0%B2%D0%BB%D0%BE_%D0%9F%D0%BE%D0%BB%D1%83%D0%B1%D0%BE%D1%82%D0%BE%D0%BA', NULL, '2016-02-25 14:03:22', 1, 1, '19.02.2016', NULL),
(96, 'Петровського проїзд', NULL, 'Євгена Березняка', 'Розпорядження «Про перейменування вулиць, провулків та інших об’єктів топоніміки міста» № 24 від 19.02.2016', 'проїзд', 'https://uk.wikipedia.org/wiki/%D0%91%D0%B5%D1%80%D0%B5%D0%B7%D0%BD%D1%8F%D0%BA_%D0%84%D0%B2%D0%B3%D0%B5%D0%BD_%D0%A1%D1%82%D0%B5%D0%BF%D0%B0%D0%BD%D0%BE%D0%B2%D0%B8%D1%87', NULL, '2016-02-25 14:03:22', 1, 1, '19.02.2016', NULL),
(97, 'Піонерська', NULL, 'Пилипа Хмари', 'Розпорядження «Про перейменування вулиць, провулків та інших об’єктів топоніміки міста» № 24 від 19.02.2016', 'вулиця', 'https://uk.wikipedia.org/wiki/%D0%9F%D0%B8%D0%BB%D0%B8%D0%BF_%D0%A5%D0%BC%D0%B0%D1%80%D0%B0', NULL, '2016-02-25 14:03:22', 1, 1, '19.02.2016', NULL),
(98, 'Піонерський провулок', NULL, 'Юності', 'Розпорядження «Про перейменування вулиць, провулків та інших об’єктів топоніміки міста» № 24 від 19.02.2016', 'провулок', NULL, NULL, '2016-02-25 14:03:22', 0, 2, '19.02.2016', NULL),
(99, 'Повітрянофлотська', NULL, 'Сергія Сєнчева', 'http://www.kr-rada.gov.ua/news/u-kirovogradi-miska-23-2-16.html', 'вулиця', 'https://uk.wikipedia.org/wiki/%D0%A1%D1%94%D0%BD%D1%87%D0%B5%D0%B2_%D0%A1%D0%B5%D1%80%D0%B3%D1%96%D0%B9_%D0%9E%D0%BB%D0%B5%D0%BA%D1%81%D1%96%D0%B9%D0%BE%D0%B2%D0%B8%D1%87', NULL, '2016-02-25 14:03:22', 1, 1, '23.02.2016', NULL),
(100, 'Пожарського', NULL, 'Валерія Гончаренка', 'Проект розпорядження, підготований Кіровоградською міською топонімічною комісією 17.02.2016', 'вулиця', 'https://uk.wikipedia.org/wiki/%D0%93%D0%BE%D0%BD%D1%87%D0%B0%D1%80%D0%B5%D0%BD%D0%BA%D0%BE_%D0%92%D0%B0%D0%BB%D0%B5%D1%80%D1%96%D0%B9_%D0%92%D0%B0%D1%81%D0%B8%D0%BB%D1%8C%D0%BE%D0%B2%D0%B8%D1%87', NULL, '2016-02-25 14:03:22', 1, 1, '17.02.2016', 1),
(101, 'Правди проспект', NULL, 'Євгена Тельнова', 'Розпорядження «Про перейменування вулиць, провулків та інших об’єктів топоніміки міста» № 24 від 19.02.2016', 'вулиця', 'https://uk.wikipedia.org/wiki/%D0%A2%D0%B5%D0%BB%D1%8C%D0%BD%D0%BE%D0%B2_%D0%84%D0%B2%D0%B3%D0%B5%D0%BD_%D0%9B%D1%8C%D0%B2%D0%BE%D0%B2%D0%B8%D1%87', 'Перейменування провулку Правди не обговорювалося.', '2016-02-25 14:03:22', 1, 1, '19.02.2016', NULL),
(102, 'Пролетарська', NULL, 'Миколи Смоленчука', 'Розпорядження «Про перейменування вулиць, провулків та інших об’єктів топоніміки міста» № 24 від 19.02.2016', 'вулиця', 'https://uk.wikipedia.org/wiki/%D0%A1%D0%BC%D0%BE%D0%BB%D0%B5%D0%BD%D1%87%D1%83%D0%BA_%D0%9C%D0%B8%D0%BA%D0%BE%D0%BB%D0%B0_%D0%9A%D1%83%D0%B7%D1%8C%D0%BC%D0%BE%D0%B2%D0%B8%D1%87', NULL, '2016-02-25 14:03:22', 1, 2, '19.02.2016', NULL),
(103, 'Профінтерну', NULL, 'Панаса Михалевича', 'Розпорядження «Про перейменування вулиць, провулків та інших об’єктів топоніміки міста» № 24 від 19.02.2016', 'вулиця', 'http://irp.kr.ua/myhalevych/', NULL, '2016-02-25 14:03:22', 1, 1, '19.02.2016', NULL),
(104, 'Радянська', NULL, 'Івана Похитонова', 'Розпорядження «Про перейменування вулиць, провулків та інших об’єктів топоніміки міста» № 24 від 19.02.2016', 'вулиця', 'https://uk.wikipedia.org/wiki/%D0%9F%D0%BE%D1%85%D0%B8%D1%82%D0%BE%D0%BD%D0%BE%D0%B2_%D0%86%D0%B2%D0%B0%D0%BD_%D0%9F%D0%B0%D0%B2%D0%BB%D0%BE%D0%B2%D0%B8%D1%87', NULL, '2016-02-25 14:03:22', 1, 2, '19.02.2016', NULL),
(105, 'Радянська вулиця (с. Гірниче)', NULL, 'Бориса Завадовського', 'Розпорядження «Про перейменування вулиць, провулків та інших об’єктів топоніміки міста» № 24 від 19.02.2016', 'вулиця', 'https://uk.wikipedia.org/wiki/%D0%97%D0%B0%D0%B2%D0%B0%D0%B4%D0%BE%D0%B2%D1%81%D1%8C%D0%BA%D0%B8%D0%B9_%D0%91%D0%BE%D1%80%D0%B8%D1%81_%D0%9C%D0%B8%D1%85%D0%B0%D0%B9%D0%BB%D0%BE%D0%B2%D0%B8%D1%87', NULL, '2016-02-25 14:03:22', 1, 2, '19.02.2016', NULL),
(106, 'Сакко і Ванцетті', NULL, 'Дона Амінадо', 'Проект розпорядження, підготований Кіровоградською міською топонімічною комісією 17.02.2016', 'вулиця', 'https://uk.wikipedia.org/wiki/%D0%94%D0%BE%D0%BD-%D0%90%D0%BC%D1%96%D0%BD%D0%B0%D0%B4%D0%BE', NULL, '2016-02-25 14:03:22', 1, 1, '17.02.2016', 1),
(107, 'Свердлова', NULL, 'Вознесенська', 'Розпорядження «Про перейменування вулиць, провулків та інших об’єктів топоніміки міста» № 24 від 19.02.2016', 'вулиця', 'історична назва', NULL, '2016-02-25 14:03:22', 3, 2, '19.02.2016', NULL),
(108, 'Свердлова провулок', NULL, 'Вознесенський', 'Розпорядження «Про перейменування вулиць, провулків та інших об’єктів топоніміки міста» № 24 від 19.02.2016', 'провулок', 'історична назва', NULL, '2016-02-25 14:03:22', 3, 2, '19.02.2016', NULL),
(109, 'Сєрова', NULL, 'Болгарська', 'Проект розпорядження, підготований Кіровоградською міською топонімічною комісією 17.02.2016', 'вулиця', 'http://mykirov.com/bolgari-na-kirovogradshchini-240-rokiv-spilnoyi-istoriyi', NULL, '2016-02-25 14:03:22', 2, 1, '17.02.2016', 1),
(110, 'Соціалістична', NULL, 'Івана Олінського', 'Розпорядження «Про перейменування вулиць, провулків та інших об’єктів топоніміки міста» № 24 від 19.02.2016', 'вулиця', 'http://vypuskniki-kmk.at.ua/publ/vidatni_vipuskniki_realnogo_uchilishha/olinskij_i_g/olinskij_ivan_grigorovich/19-1-0-26', NULL, '2016-02-25 14:03:22', 1, 1, '19.02.2016', NULL),
(111, 'Соціалістичний провулок', NULL, 'Гулого-Гуленка', 'Розпорядження «Про перейменування вулиць, провулків та інших об’єктів топоніміки міста» № 24 від 19.02.2016', 'провулок', 'https://uk.wikipedia.org/wiki/%D0%93%D1%83%D0%BB%D0%B8%D0%B9-%D0%93%D1%83%D0%BB%D0%B5%D0%BD%D0%BA%D0%BE_%D0%90%D0%BD%D0%B4%D1%80%D1%96%D0%B9_%D0%9E%D0%BB%D0%B5%D0%BA%D1%81%D1%96%D0%B9%D0%BE%D0%B2%D0%B8%D1%87', NULL, '2016-02-25 14:03:22', 1, 1, '19.02.2016', NULL),
(112, 'Тельмана', NULL, 'Олени Теліги', 'Розпорядження «Про перейменування вулиць, провулків та інших об’єктів топоніміки міста» № 24 від 19.02.2016', 'вулиця', 'https://uk.wikipedia.org/wiki/%D0%A2%D0%B5%D0%BB%D1%96%D0%B3%D0%B0_%D0%9E%D0%BB%D0%B5%D0%BD%D0%B0_%D0%86%D0%B2%D0%B0%D0%BD%D1%96%D0%B2%D0%BD%D0%B0', NULL, '2016-02-25 14:03:22', 1, 1, '19.02.2016', NULL),
(113, 'Тимірязєва', NULL, 'Тараса Карпи', 'http://www.kr-rada.gov.ua/news/u-kirovogradi-miska-23-2-16.html', 'вулиця', 'https://uk.wikipedia.org/wiki/%D0%9A%D0%B0%D1%80%D0%BF%D0%B0_%D0%A2%D0%B0%D1%80%D0%B0%D1%81_%D0%A1%D1%82%D0%B5%D0%BF%D0%B0%D0%BD%D0%BE%D0%B2%D0%B8%D1%87', 'Перейменування провулку Тимірязєва не обговорювалося.', '2016-02-25 14:03:22', 1, 2, '23.02.2016', NULL),
(114, 'Толбухіна', NULL, 'Олександра Олійника', 'Розпорядження «Про перейменування вулиць, провулків та інших об’єктів топоніміки міста» № 24 від 19.02.2016', 'вулиця', 'http://www.vechirka.uafor.net/authority/parties/26081746.php', NULL, '2016-02-25 14:03:22', 1, 1, '19.02.2016', NULL),
(115, 'Тореза', NULL, 'Скіфська', 'Проект розпорядження, підготований Кіровоградською міською топонімічною комісією 17.02.2016', 'вулиця', 'https://uk.wikipedia.org/wiki/%D0%A1%D0%BA%D1%96%D1%84%D0%B8', NULL, '2016-02-25 14:03:22', 4, 1, '17.02.2016', 1),
(116, 'Ульяновська', NULL, 'Володимира Івасюка', 'Розпорядження «Про перейменування вулиць, провулків та інших об’єктів топоніміки міста» № 24 від 19.02.2016', 'вулиця', 'https://uk.wikipedia.org/wiki/%D0%86%D0%B2%D0%B0%D1%81%D1%8E%D0%BA_%D0%92%D0%BE%D0%BB%D0%BE%D0%B4%D0%B8%D0%BC%D0%B8%D1%80_%D0%9C%D0%B8%D1%85%D0%B0%D0%B9%D0%BB%D0%BE%D0%B2%D0%B8%D1%87', NULL, '2016-02-25 14:03:22', 1, 2, '19.02.2016', NULL),
(117, 'Урицького', NULL, 'Генерала Кульчицького', 'Розпорядження «Про перейменування вулиць, провулків та інших об’єктів топоніміки міста» № 24 від 19.02.2016', 'вулиця', 'https://uk.wikipedia.org/wiki/%D0%9A%D1%83%D0%BB%D1%8C%D1%87%D0%B8%D1%86%D1%8C%D0%BA%D0%B8%D0%B9_%D0%A1%D0%B5%D1%80%D0%B3%D1%96%D0%B9_%D0%9F%D0%B5%D1%82%D1%80%D0%BE%D0%B2%D0%B8%D1%87', NULL, '2016-02-25 14:03:22', 1, 2, '19.02.2016', NULL),
(118, 'Урицького провулок', NULL, 'Слобідський', 'Розпорядження «Про перейменування вулиць, провулків та інших об’єктів топоніміки міста» № 24 від 19.02.2016', 'провулок', 'https://uk.wikipedia.org/wiki/%D0%9D%D0%BE%D0%B2%D0%BE%D1%81%D0%BB%D0%BE%D0%B1%D1%96%D0%B4%D1%81%D1%8C%D0%BA%D0%B8%D0%B9_%D0%BA%D0%BE%D0%B7%D0%B0%D1%86%D1%8C%D0%BA%D0%B8%D0%B9_%D0%BF%D0%BE%D0%BB%D0%BA', NULL, '2016-02-25 14:03:22', 2, 2, '19.02.2016', NULL),
(119, 'Фрунзе', NULL, 'Юрія Олефіренка', 'http://www.kr-rada.gov.ua/news/u-kirovogradi-miska-23-2-16.html', 'вулиця', 'https://uk.wikipedia.org/wiki/%D0%9E%D0%BB%D0%B5%D1%84%D1%96%D1%80%D0%B5%D0%BD%D0%BA%D0%BE_%D0%AE%D1%80%D1%96%D0%B9_%D0%91%D0%BE%D1%80%D0%B8%D1%81%D0%BE%D0%B2%D0%B8%D1%87', 'Рішенням Кіровоградської міської ради від 31.03.2015 № 4076 вулицю спершу було перейменовано на «Капітана І рангу Олефіренка Ю. Б.»', '2016-02-25 14:03:22', 1, NULL, '23.02.2016', NULL),
(120, 'Фурманова', NULL, 'Миколи Федоровського', 'Розпорядження «Про перейменування вулиць, провулків та інших об’єктів топоніміки міста» № 24 від 19.02.2016', 'вулиця', 'https://uk.wikipedia.org/wiki/%D0%A4%D0%B5%D0%B4%D0%BE%D1%80%D0%BE%D0%B2%D1%81%D1%8C%D0%BA%D0%B8%D0%B9_%D0%9C%D0%B8%D0%BA%D0%BE%D0%BB%D0%B0_%D0%A4%D0%B5%D0%B4%D0%BE%D1%80%D0%BE%D0%B2%D0%B8%D1%87', NULL, '2016-02-25 14:03:22', 1, 1, '19.02.2016', NULL),
(121, 'Червоноармійська', NULL, 'Абрикосова', 'Розпорядження «Про перейменування вулиць, провулків та інших об’єктів топоніміки міста» № 24 від 19.02.2016', 'вулиця', NULL, NULL, '2016-02-25 14:03:22', 0, 2, '19.02.2016', NULL),
(122, 'Червоноармійський провулок', NULL, 'Абрикосовий', 'Розпорядження «Про перейменування вулиць, провулків та інших об’єктів топоніміки міста» № 24 від 19.02.2016', 'провулок', NULL, NULL, '2016-02-25 14:03:22', 0, 2, '19.02.2016', NULL),
(123, 'Червоногвардійська', NULL, 'Архангельська', 'Рішення Кіровоградської міської ради від 16.12.2014 № 3760', 'вулиця', 'історична назва', NULL, '2016-02-25 14:03:22', 3, 2, '16.12.2014', NULL),
(124, 'Червонозорівська', NULL, 'Василя Нікітіна', 'Розпорядження «Про перейменування вулиць, провулків та інших об’єктів топоніміки міста» № 24 від 19.02.2016', 'вулиця', 'https://books.google.com.ua/books?id=vM9DCQAAQBAJ&pg=PA240&lpg=PA240&dq=%D0%B2%D0%B0%D1%81%D0%B8%D0%BB%D1%8C+%D0%BD%D1%96%D0%BA%D1%96%D1%82%D1%96%D0%BD&source=bl&ots=c8m3uVboGF&sig=Esw6Zgc5692yN115OFQfr_U6uyg&hl=uk&sa=X&ved=0ahUKEwjr_seN_I3LAhWC_ywKHY5GD04Q6AEINTAF#v=onepage&q=%D0%B2%D0%B0%D1%81%D0%B8%D0%BB%D1%8C%20%D0%BD%D1%96%D0%BA%D1%96%D1%82%D1%96%D0%BD&f=false', 'Перейменування провулку Червонозоріського не обговорювалося.', '2016-02-25 14:03:22', 1, NULL, '19.02.2016', NULL),
(125, 'Червоносільська', NULL, 'Ігоря Горовенка', 'Розпорядження «Про перейменування вулиць, провулків та інших об’єктів топоніміки міста» № 24 від 19.02.2016', 'вулиця', 'https://uk.wikipedia.org/wiki/%D0%93%D0%BE%D1%80%D0%BE%D0%B2%D0%B5%D0%BD%D0%BA%D0%BE_%D0%86%D0%B3%D0%BE%D1%80_%D0%A1%D0%B5%D1%80%D0%B3%D1%96%D0%B9%D0%BE%D0%B2%D0%B8%D1%87', NULL, '2016-02-25 14:03:22', 1, 2, '19.02.2016', NULL),
(126, 'Червонофлотська', NULL, 'Володимира Степанка', 'Розпорядження «Про перейменування вулиць, провулків та інших об’єктів топоніміки міста» № 24 від 19.02.2016', 'вулиця', 'https://uk.wikipedia.org/wiki/%D0%A1%D1%82%D0%B5%D0%BF%D0%B0%D0%BD%D0%BE%D0%BA_%D0%92%D0%BE%D0%BB%D0%BE%D0%B4%D0%B8%D0%BC%D0%B8%D1%80_%D0%86%D0%B2%D0%B0%D0%BD%D0%BE%D0%B2%D0%B8%D1%87', NULL, '2016-02-25 14:03:22', 1, 1, '19.02.2016', NULL),
(127, 'Шмідта', NULL, 'Романа Шухевича', 'http://www.kr-rada.gov.ua/news/u-kirovogradi-miska-23-2-16.html', 'вулиця', 'https://uk.wikipedia.org/wiki/%D0%A8%D1%83%D1%85%D0%B5%D0%B2%D0%B8%D1%87_%D0%A0%D0%BE%D0%BC%D0%B0%D0%BD_%D0%9E%D1%81%D0%B8%D0%BF%D0%BE%D0%B2%D0%B8%D1%87', 'Пропозиція депутата міської ради Сергія Капітонова (ВО «Свобода»). Проект розпорядження, підготований Кіровоградською міською топонімічною комісією 17.02.2016, рекомендував перейменувати вулицю на честь Георгія Лангемака.', '2016-02-25 14:03:22', 1, 2, '23.02.2016', NULL),
(128, 'Щорса', NULL, 'Ганни Дмитрян', 'Розпорядження «Про перейменування вулиць, провулків та інших об’єктів топоніміки міста» № 24 від 19.02.2016', 'вулиця', 'http://wiki.library.kr.ua/index.php/%D0%94%D0%BC%D0%B8%D1%82%D1%80%D1%8F%D0%BD_%D0%90%D0%BD%D0%BD%D0%B0_%D0%9C%D0%B8%D1%85%D0%B0%D0%B9%D0%BB%D1%96%D0%B2%D0%BD%D0%B0', NULL, '2016-02-25 14:03:22', 1, 2, '19.02.2016', NULL),
(130, 'нова вулиця (від вул. Великої Пермської до вул. Куроп’ятникова)', NULL, 'Юлія Мейтуса', 'Проект розпорядження, підготований Кіровоградською міською топонімічною комісією 17.02.2016', 'вулиця', 'https://uk.wikipedia.org/wiki/%D0%9C%D0%B5%D0%B9%D1%82%D1%83%D1%81_%D0%AE%D0%BB%D1%96%D0%B9_%D0%A1%D0%B5%D1%80%D0%B3%D1%96%D0%B9%D0%BE%D0%B2%D0%B8%D1%87', NULL, '2016-02-25 14:03:22', 1, 2, '17.02.2016', 1);

-- --------------------------------------------------------

--
-- Структура таблицы `stats`
--

CREATE TABLE IF NOT EXISTS `stats` (
  `id` int(11) NOT NULL,
  `info` text NOT NULL
) ENGINE=InnoDB AUTO_INCREMENT=37 DEFAULT CHARSET=utf8;

--
-- Дамп данных таблицы `stats`
--

INSERT INTO `stats` (`id`, `info`) VALUES
(2, '{"REDIRECT_STATUS":"200","HTTP_HOST":"rename.canabina.lc","HTTP_CONNECTION":"keep-alive","HTTP_CACHE_CONTROL":"max-age=0","HTTP_ACCEPT":"text\\/html,application\\/xhtml+xml,application\\/xml;q=0.9,image\\/webp,*\\/*;q=0.8","HTTP_UPGRADE_INSECURE_REQUESTS":"1","HTTP_USER_AGENT":"Mozilla\\/5.0 (X11; Linux x86_64) AppleWebKit\\/537.36 (KHTML, like Gecko) Chrome\\/48.0.2564.97 Safari\\/537.36","HTTP_ACCEPT_ENCODING":"gzip, deflate, sdch","HTTP_ACCEPT_LANGUAGE":"ru-RU,ru;q=0.8,en-US;q=0.6,en;q=0.4,uk;q=0.2","HTTP_COOKIE":"PHPSESSID=f1bqbqmd200cmj7u6ffcmlrj31","PATH":"\\/usr\\/local\\/sbin:\\/usr\\/local\\/bin:\\/usr\\/sbin:\\/usr\\/bin:\\/sbin:\\/bin","SERVER_SIGNATURE":"<address>Apache\\/2.4.12 (Ubuntu) Server at rename.canabina.lc Port 80<\\/address>\\n","SERVER_SOFTWARE":"Apache\\/2.4.12 (Ubuntu)","SERVER_NAME":"rename.canabina.lc","SERVER_ADDR":"127.0.0.1","SERVER_PORT":"80","REMOTE_ADDR":"127.0.0.1","DOCUMENT_ROOT":"\\/var\\/www\\/rename\\/www","REQUEST_SCHEME":"http","CONTEXT_PREFIX":"","CONTEXT_DOCUMENT_ROOT":"\\/var\\/www\\/rename\\/www","SERVER_ADMIN":"webmaster@localhost","SCRIPT_FILENAME":"\\/var\\/www\\/rename\\/www\\/index.php","REMOTE_PORT":"36336","REDIRECT_URL":"\\/api\\/v1\\/streets","GATEWAY_INTERFACE":"CGI\\/1.1","SERVER_PROTOCOL":"HTTP\\/1.1","REQUEST_METHOD":"GET","QUERY_STRING":"","REQUEST_URI":"\\/api\\/v1\\/streets","SCRIPT_NAME":"\\/index.php","PHP_SELF":"\\/index.php","REQUEST_TIME_FLOAT":1456409363.998,"REQUEST_TIME":1456409363}'),
(3, '{"REDIRECT_STATUS":"200","HTTP_HOST":"rename.canabina.lc","HTTP_CONNECTION":"keep-alive","HTTP_PRAGMA":"no-cache","HTTP_CACHE_CONTROL":"no-cache","HTTP_ACCEPT":"text\\/html,application\\/xhtml+xml,application\\/xml;q=0.9,image\\/webp,*\\/*;q=0.8","HTTP_UPGRADE_INSECURE_REQUESTS":"1","HTTP_USER_AGENT":"Mozilla\\/5.0 (X11; Linux x86_64) AppleWebKit\\/537.36 (KHTML, like Gecko) Chrome\\/48.0.2564.97 Safari\\/537.36","HTTP_ACCEPT_ENCODING":"gzip, deflate, sdch","HTTP_ACCEPT_LANGUAGE":"ru-RU,ru;q=0.8,en-US;q=0.6,en;q=0.4,uk;q=0.2","HTTP_COOKIE":"PHPSESSID=f1bqbqmd200cmj7u6ffcmlrj31","PATH":"\\/usr\\/local\\/sbin:\\/usr\\/local\\/bin:\\/usr\\/sbin:\\/usr\\/bin:\\/sbin:\\/bin","SERVER_SIGNATURE":"<address>Apache\\/2.4.12 (Ubuntu) Server at rename.canabina.lc Port 80<\\/address>\\n","SERVER_SOFTWARE":"Apache\\/2.4.12 (Ubuntu)","SERVER_NAME":"rename.canabina.lc","SERVER_ADDR":"127.0.0.1","SERVER_PORT":"80","REMOTE_ADDR":"127.0.0.1","DOCUMENT_ROOT":"\\/var\\/www\\/rename\\/www","REQUEST_SCHEME":"http","CONTEXT_PREFIX":"","CONTEXT_DOCUMENT_ROOT":"\\/var\\/www\\/rename\\/www","SERVER_ADMIN":"webmaster@localhost","SCRIPT_FILENAME":"\\/var\\/www\\/rename\\/www\\/index.php","REMOTE_PORT":"36694","REDIRECT_URL":"\\/api\\/v1\\/streets","GATEWAY_INTERFACE":"CGI\\/1.1","SERVER_PROTOCOL":"HTTP\\/1.1","REQUEST_METHOD":"GET","QUERY_STRING":"","REQUEST_URI":"\\/api\\/v1\\/streets","SCRIPT_NAME":"\\/index.php","PHP_SELF":"\\/index.php","REQUEST_TIME_FLOAT":1456409539.214,"REQUEST_TIME":1456409539}'),
(4, '{"REDIRECT_STATUS":"200","HTTP_HOST":"rename.canabina.lc","HTTP_CONNECTION":"keep-alive","HTTP_PRAGMA":"no-cache","HTTP_CACHE_CONTROL":"no-cache","HTTP_ACCEPT":"text\\/html,application\\/xhtml+xml,application\\/xml;q=0.9,image\\/webp,*\\/*;q=0.8","HTTP_UPGRADE_INSECURE_REQUESTS":"1","HTTP_USER_AGENT":"Mozilla\\/5.0 (X11; Linux x86_64) AppleWebKit\\/537.36 (KHTML, like Gecko) Chrome\\/48.0.2564.97 Safari\\/537.36","HTTP_ACCEPT_ENCODING":"gzip, deflate, sdch","HTTP_ACCEPT_LANGUAGE":"ru-RU,ru;q=0.8,en-US;q=0.6,en;q=0.4,uk;q=0.2","HTTP_COOKIE":"PHPSESSID=f1bqbqmd200cmj7u6ffcmlrj31","PATH":"\\/usr\\/local\\/sbin:\\/usr\\/local\\/bin:\\/usr\\/sbin:\\/usr\\/bin:\\/sbin:\\/bin","SERVER_SIGNATURE":"<address>Apache\\/2.4.12 (Ubuntu) Server at rename.canabina.lc Port 80<\\/address>\\n","SERVER_SOFTWARE":"Apache\\/2.4.12 (Ubuntu)","SERVER_NAME":"rename.canabina.lc","SERVER_ADDR":"127.0.0.1","SERVER_PORT":"80","REMOTE_ADDR":"127.0.0.1","DOCUMENT_ROOT":"\\/var\\/www\\/rename\\/www","REQUEST_SCHEME":"http","CONTEXT_PREFIX":"","CONTEXT_DOCUMENT_ROOT":"\\/var\\/www\\/rename\\/www","SERVER_ADMIN":"webmaster@localhost","SCRIPT_FILENAME":"\\/var\\/www\\/rename\\/www\\/index.php","REMOTE_PORT":"36696","REDIRECT_URL":"\\/api\\/v1\\/streets","GATEWAY_INTERFACE":"CGI\\/1.1","SERVER_PROTOCOL":"HTTP\\/1.1","REQUEST_METHOD":"GET","QUERY_STRING":"","REQUEST_URI":"\\/api\\/v1\\/streets","SCRIPT_NAME":"\\/index.php","PHP_SELF":"\\/index.php","REQUEST_TIME_FLOAT":1456409543.46,"REQUEST_TIME":1456409543}'),
(5, '{"REDIRECT_STATUS":"200","HTTP_HOST":"rename.canabina.lc","HTTP_CONNECTION":"keep-alive","HTTP_ACCEPT":"text\\/html,application\\/xhtml+xml,application\\/xml;q=0.9,image\\/webp,*\\/*;q=0.8","HTTP_UPGRADE_INSECURE_REQUESTS":"1","HTTP_USER_AGENT":"Mozilla\\/5.0 (X11; Linux x86_64) AppleWebKit\\/537.36 (KHTML, like Gecko) Chrome\\/48.0.2564.97 Safari\\/537.36","HTTP_ACCEPT_ENCODING":"gzip, deflate, sdch","HTTP_ACCEPT_LANGUAGE":"ru-RU,ru;q=0.8,en-US;q=0.6,en;q=0.4,uk;q=0.2","HTTP_COOKIE":"PHPSESSID=f1bqbqmd200cmj7u6ffcmlrj31","PATH":"\\/usr\\/local\\/sbin:\\/usr\\/local\\/bin:\\/usr\\/sbin:\\/usr\\/bin:\\/sbin:\\/bin","SERVER_SIGNATURE":"<address>Apache\\/2.4.12 (Ubuntu) Server at rename.canabina.lc Port 80<\\/address>\\n","SERVER_SOFTWARE":"Apache\\/2.4.12 (Ubuntu)","SERVER_NAME":"rename.canabina.lc","SERVER_ADDR":"127.0.0.1","SERVER_PORT":"80","REMOTE_ADDR":"127.0.0.1","DOCUMENT_ROOT":"\\/var\\/www\\/rename\\/www","REQUEST_SCHEME":"http","CONTEXT_PREFIX":"","CONTEXT_DOCUMENT_ROOT":"\\/var\\/www\\/rename\\/www","SERVER_ADMIN":"webmaster@localhost","SCRIPT_FILENAME":"\\/var\\/www\\/rename\\/www\\/index.php","REMOTE_PORT":"36850","REDIRECT_URL":"\\/api\\/v1\\/streets","GATEWAY_INTERFACE":"CGI\\/1.1","SERVER_PROTOCOL":"HTTP\\/1.1","REQUEST_METHOD":"GET","QUERY_STRING":"","REQUEST_URI":"\\/api\\/v1\\/streets","SCRIPT_NAME":"\\/index.php","PHP_SELF":"\\/index.php","REQUEST_TIME_FLOAT":1456410052.897,"REQUEST_TIME":1456410052}'),
(6, '{"REDIRECT_STATUS":"200","HTTP_HOST":"rename.canabina.lc","HTTP_CONNECTION":"keep-alive","HTTP_ACCEPT":"text\\/html,application\\/xhtml+xml,application\\/xml;q=0.9,image\\/webp,*\\/*;q=0.8","HTTP_UPGRADE_INSECURE_REQUESTS":"1","HTTP_USER_AGENT":"Mozilla\\/5.0 (X11; Linux x86_64) AppleWebKit\\/537.36 (KHTML, like Gecko) Chrome\\/48.0.2564.97 Safari\\/537.36","HTTP_ACCEPT_ENCODING":"gzip, deflate, sdch","HTTP_ACCEPT_LANGUAGE":"ru-RU,ru;q=0.8,en-US;q=0.6,en;q=0.4,uk;q=0.2","HTTP_COOKIE":"PHPSESSID=f1bqbqmd200cmj7u6ffcmlrj31","PATH":"\\/usr\\/local\\/sbin:\\/usr\\/local\\/bin:\\/usr\\/sbin:\\/usr\\/bin:\\/sbin:\\/bin","SERVER_SIGNATURE":"<address>Apache\\/2.4.12 (Ubuntu) Server at rename.canabina.lc Port 80<\\/address>\\n","SERVER_SOFTWARE":"Apache\\/2.4.12 (Ubuntu)","SERVER_NAME":"rename.canabina.lc","SERVER_ADDR":"127.0.0.1","SERVER_PORT":"80","REMOTE_ADDR":"127.0.0.1","DOCUMENT_ROOT":"\\/var\\/www\\/rename\\/www","REQUEST_SCHEME":"http","CONTEXT_PREFIX":"","CONTEXT_DOCUMENT_ROOT":"\\/var\\/www\\/rename\\/www","SERVER_ADMIN":"webmaster@localhost","SCRIPT_FILENAME":"\\/var\\/www\\/rename\\/www\\/index.php","REMOTE_PORT":"48198","REDIRECT_URL":"\\/api\\/v1\\/streets","GATEWAY_INTERFACE":"CGI\\/1.1","SERVER_PROTOCOL":"HTTP\\/1.1","REQUEST_METHOD":"GET","QUERY_STRING":"","REQUEST_URI":"\\/api\\/v1\\/streets","SCRIPT_NAME":"\\/index.php","PHP_SELF":"\\/index.php","REQUEST_TIME_FLOAT":1456416934.766,"REQUEST_TIME":1456416934}'),
(7, '{"REDIRECT_STATUS":"200","HTTP_HOST":"rename.canabina.lc","HTTP_CONNECTION":"keep-alive","HTTP_ACCEPT":"text\\/html,application\\/xhtml+xml,application\\/xml;q=0.9,image\\/webp,*\\/*;q=0.8","HTTP_UPGRADE_INSECURE_REQUESTS":"1","HTTP_USER_AGENT":"Mozilla\\/5.0 (X11; Linux x86_64) AppleWebKit\\/537.36 (KHTML, like Gecko) Chrome\\/48.0.2564.97 Safari\\/537.36","HTTP_ACCEPT_ENCODING":"gzip, deflate, sdch","HTTP_ACCEPT_LANGUAGE":"ru-RU,ru;q=0.8,en-US;q=0.6,en;q=0.4,uk;q=0.2","HTTP_COOKIE":"PHPSESSID=f1bqbqmd200cmj7u6ffcmlrj31","PATH":"\\/usr\\/local\\/sbin:\\/usr\\/local\\/bin:\\/usr\\/sbin:\\/usr\\/bin:\\/sbin:\\/bin","SERVER_SIGNATURE":"<address>Apache\\/2.4.12 (Ubuntu) Server at rename.canabina.lc Port 80<\\/address>\\n","SERVER_SOFTWARE":"Apache\\/2.4.12 (Ubuntu)","SERVER_NAME":"rename.canabina.lc","SERVER_ADDR":"127.0.0.1","SERVER_PORT":"80","REMOTE_ADDR":"127.0.0.1","DOCUMENT_ROOT":"\\/var\\/www\\/rename","REQUEST_SCHEME":"http","CONTEXT_PREFIX":"","CONTEXT_DOCUMENT_ROOT":"\\/var\\/www\\/rename","SERVER_ADMIN":"webmaster@localhost","SCRIPT_FILENAME":"\\/var\\/www\\/rename\\/index.php","REMOTE_PORT":"53272","REDIRECT_URL":"\\/api\\/v1\\/streets","GATEWAY_INTERFACE":"CGI\\/1.1","SERVER_PROTOCOL":"HTTP\\/1.1","REQUEST_METHOD":"GET","QUERY_STRING":"","REQUEST_URI":"\\/api\\/v1\\/streets","SCRIPT_NAME":"\\/index.php","PHP_SELF":"\\/index.php","REQUEST_TIME_FLOAT":1456475970.502,"REQUEST_TIME":1456475970}'),
(8, '{"REDIRECT_STATUS":"200","HTTP_HOST":"rename.canabina.lc","HTTP_CONNECTION":"keep-alive","HTTP_ACCEPT":"text\\/html,application\\/xhtml+xml,application\\/xml;q=0.9,image\\/webp,*\\/*;q=0.8","HTTP_UPGRADE_INSECURE_REQUESTS":"1","HTTP_USER_AGENT":"Mozilla\\/5.0 (X11; Linux x86_64) AppleWebKit\\/537.36 (KHTML, like Gecko) Chrome\\/48.0.2564.97 Safari\\/537.36","HTTP_ACCEPT_ENCODING":"gzip, deflate, sdch","HTTP_ACCEPT_LANGUAGE":"ru-RU,ru;q=0.8,en-US;q=0.6,en;q=0.4,uk;q=0.2","HTTP_COOKIE":"PHPSESSID=f1bqbqmd200cmj7u6ffcmlrj31","PATH":"\\/usr\\/local\\/sbin:\\/usr\\/local\\/bin:\\/usr\\/sbin:\\/usr\\/bin:\\/sbin:\\/bin","SERVER_SIGNATURE":"<address>Apache\\/2.4.12 (Ubuntu) Server at rename.canabina.lc Port 80<\\/address>\\n","SERVER_SOFTWARE":"Apache\\/2.4.12 (Ubuntu)","SERVER_NAME":"rename.canabina.lc","SERVER_ADDR":"127.0.0.1","SERVER_PORT":"80","REMOTE_ADDR":"127.0.0.1","DOCUMENT_ROOT":"\\/var\\/www\\/rename","REQUEST_SCHEME":"http","CONTEXT_PREFIX":"","CONTEXT_DOCUMENT_ROOT":"\\/var\\/www\\/rename","SERVER_ADMIN":"webmaster@localhost","SCRIPT_FILENAME":"\\/var\\/www\\/rename\\/index.php","REMOTE_PORT":"36920","REDIRECT_URL":"\\/api\\/v1\\/streets","GATEWAY_INTERFACE":"CGI\\/1.1","SERVER_PROTOCOL":"HTTP\\/1.1","REQUEST_METHOD":"GET","QUERY_STRING":"","REQUEST_URI":"\\/api\\/v1\\/streets","SCRIPT_NAME":"\\/index.php","PHP_SELF":"\\/index.php","REQUEST_TIME_FLOAT":1456496857.09,"REQUEST_TIME":1456496857}'),
(9, '{"REDIRECT_STATUS":"200","HTTP_HOST":"rename.canabina.lc","HTTP_CONNECTION":"keep-alive","HTTP_PRAGMA":"no-cache","HTTP_CACHE_CONTROL":"no-cache","HTTP_ACCEPT":"text\\/html,application\\/xhtml+xml,application\\/xml;q=0.9,image\\/webp,*\\/*;q=0.8","HTTP_UPGRADE_INSECURE_REQUESTS":"1","HTTP_USER_AGENT":"Mozilla\\/5.0 (X11; Linux x86_64) AppleWebKit\\/537.36 (KHTML, like Gecko) Chrome\\/48.0.2564.97 Safari\\/537.36","HTTP_ACCEPT_ENCODING":"gzip, deflate, sdch","HTTP_ACCEPT_LANGUAGE":"ru-RU,ru;q=0.8,en-US;q=0.6,en;q=0.4,uk;q=0.2","HTTP_COOKIE":"PHPSESSID=f1bqbqmd200cmj7u6ffcmlrj31","PATH":"\\/usr\\/local\\/sbin:\\/usr\\/local\\/bin:\\/usr\\/sbin:\\/usr\\/bin:\\/sbin:\\/bin","SERVER_SIGNATURE":"<address>Apache\\/2.4.12 (Ubuntu) Server at rename.canabina.lc Port 80<\\/address>\\n","SERVER_SOFTWARE":"Apache\\/2.4.12 (Ubuntu)","SERVER_NAME":"rename.canabina.lc","SERVER_ADDR":"127.0.0.1","SERVER_PORT":"80","REMOTE_ADDR":"127.0.0.1","DOCUMENT_ROOT":"\\/var\\/www\\/rename","REQUEST_SCHEME":"http","CONTEXT_PREFIX":"","CONTEXT_DOCUMENT_ROOT":"\\/var\\/www\\/rename","SERVER_ADMIN":"webmaster@localhost","SCRIPT_FILENAME":"\\/var\\/www\\/rename\\/index.php","REMOTE_PORT":"36932","REDIRECT_URL":"\\/api\\/v1\\/streets","GATEWAY_INTERFACE":"CGI\\/1.1","SERVER_PROTOCOL":"HTTP\\/1.1","REQUEST_METHOD":"GET","QUERY_STRING":"","REQUEST_URI":"\\/api\\/v1\\/streets","SCRIPT_NAME":"\\/index.php","PHP_SELF":"\\/index.php","REQUEST_TIME_FLOAT":1456496879.644,"REQUEST_TIME":1456496879}'),
(10, '{"REDIRECT_STATUS":"200","HTTP_HOST":"rename.canabina.lc","HTTP_CONNECTION":"keep-alive","HTTP_ACCEPT":"text\\/html,application\\/xhtml+xml,application\\/xml;q=0.9,image\\/webp,*\\/*;q=0.8","HTTP_UPGRADE_INSECURE_REQUESTS":"1","HTTP_USER_AGENT":"Mozilla\\/5.0 (X11; Linux x86_64) AppleWebKit\\/537.36 (KHTML, like Gecko) Chrome\\/48.0.2564.97 Safari\\/537.36","HTTP_ACCEPT_ENCODING":"gzip, deflate, sdch","HTTP_ACCEPT_LANGUAGE":"ru-RU,ru;q=0.8,en-US;q=0.6,en;q=0.4,uk;q=0.2","HTTP_COOKIE":"PHPSESSID=f1bqbqmd200cmj7u6ffcmlrj31","PATH":"\\/usr\\/local\\/sbin:\\/usr\\/local\\/bin:\\/usr\\/sbin:\\/usr\\/bin:\\/sbin:\\/bin","SERVER_SIGNATURE":"<address>Apache\\/2.4.12 (Ubuntu) Server at rename.canabina.lc Port 80<\\/address>\\n","SERVER_SOFTWARE":"Apache\\/2.4.12 (Ubuntu)","SERVER_NAME":"rename.canabina.lc","SERVER_ADDR":"127.0.0.1","SERVER_PORT":"80","REMOTE_ADDR":"127.0.0.1","DOCUMENT_ROOT":"\\/var\\/www\\/rename","REQUEST_SCHEME":"http","CONTEXT_PREFIX":"","CONTEXT_DOCUMENT_ROOT":"\\/var\\/www\\/rename","SERVER_ADMIN":"webmaster@localhost","SCRIPT_FILENAME":"\\/var\\/www\\/rename\\/index.php","REMOTE_PORT":"36934","REDIRECT_URL":"\\/api\\/v1\\/streets","GATEWAY_INTERFACE":"CGI\\/1.1","SERVER_PROTOCOL":"HTTP\\/1.1","REQUEST_METHOD":"GET","QUERY_STRING":"","REQUEST_URI":"\\/api\\/v1\\/streets","SCRIPT_NAME":"\\/index.php","PHP_SELF":"\\/index.php","REQUEST_TIME_FLOAT":1456496881.087,"REQUEST_TIME":1456496881}'),
(11, '{"REDIRECT_STATUS":"200","HTTP_HOST":"rename.canabina.lc","HTTP_CONNECTION":"keep-alive","HTTP_ACCEPT":"text\\/html,application\\/xhtml+xml,application\\/xml;q=0.9,image\\/webp,*\\/*;q=0.8","HTTP_UPGRADE_INSECURE_REQUESTS":"1","HTTP_USER_AGENT":"Mozilla\\/5.0 (X11; Linux x86_64) AppleWebKit\\/537.36 (KHTML, like Gecko) Chrome\\/48.0.2564.97 Safari\\/537.36","HTTP_ACCEPT_ENCODING":"gzip, deflate, sdch","HTTP_ACCEPT_LANGUAGE":"ru-RU,ru;q=0.8,en-US;q=0.6,en;q=0.4,uk;q=0.2","HTTP_COOKIE":"PHPSESSID=f1bqbqmd200cmj7u6ffcmlrj31","PATH":"\\/usr\\/local\\/sbin:\\/usr\\/local\\/bin:\\/usr\\/sbin:\\/usr\\/bin:\\/sbin:\\/bin","SERVER_SIGNATURE":"<address>Apache\\/2.4.12 (Ubuntu) Server at rename.canabina.lc Port 80<\\/address>\\n","SERVER_SOFTWARE":"Apache\\/2.4.12 (Ubuntu)","SERVER_NAME":"rename.canabina.lc","SERVER_ADDR":"127.0.0.1","SERVER_PORT":"80","REMOTE_ADDR":"127.0.0.1","DOCUMENT_ROOT":"\\/var\\/www\\/rename","REQUEST_SCHEME":"http","CONTEXT_PREFIX":"","CONTEXT_DOCUMENT_ROOT":"\\/var\\/www\\/rename","SERVER_ADMIN":"webmaster@localhost","SCRIPT_FILENAME":"\\/var\\/www\\/rename\\/index.php","REMOTE_PORT":"37002","REDIRECT_URL":"\\/api\\/v1\\/streets","GATEWAY_INTERFACE":"CGI\\/1.1","SERVER_PROTOCOL":"HTTP\\/1.1","REQUEST_METHOD":"GET","QUERY_STRING":"","REQUEST_URI":"\\/api\\/v1\\/streets","SCRIPT_NAME":"\\/index.php","PHP_SELF":"\\/index.php","REQUEST_TIME_FLOAT":1456497569.915,"REQUEST_TIME":1456497569}'),
(12, '{"REDIRECT_STATUS":"200","HTTP_HOST":"rename.canabina.lc","HTTP_CONNECTION":"keep-alive","HTTP_PRAGMA":"no-cache","HTTP_CACHE_CONTROL":"no-cache","HTTP_ACCEPT":"text\\/html,application\\/xhtml+xml,application\\/xml;q=0.9,image\\/webp,*\\/*;q=0.8","HTTP_UPGRADE_INSECURE_REQUESTS":"1","HTTP_USER_AGENT":"Mozilla\\/5.0 (X11; Linux x86_64) AppleWebKit\\/537.36 (KHTML, like Gecko) Chrome\\/48.0.2564.97 Safari\\/537.36","HTTP_ACCEPT_ENCODING":"gzip, deflate, sdch","HTTP_ACCEPT_LANGUAGE":"ru-RU,ru;q=0.8,en-US;q=0.6,en;q=0.4,uk;q=0.2","HTTP_COOKIE":"PHPSESSID=f1bqbqmd200cmj7u6ffcmlrj31","PATH":"\\/usr\\/local\\/sbin:\\/usr\\/local\\/bin:\\/usr\\/sbin:\\/usr\\/bin:\\/sbin:\\/bin","SERVER_SIGNATURE":"<address>Apache\\/2.4.12 (Ubuntu) Server at rename.canabina.lc Port 80<\\/address>\\n","SERVER_SOFTWARE":"Apache\\/2.4.12 (Ubuntu)","SERVER_NAME":"rename.canabina.lc","SERVER_ADDR":"127.0.0.1","SERVER_PORT":"80","REMOTE_ADDR":"127.0.0.1","DOCUMENT_ROOT":"\\/var\\/www\\/rename","REQUEST_SCHEME":"http","CONTEXT_PREFIX":"","CONTEXT_DOCUMENT_ROOT":"\\/var\\/www\\/rename","SERVER_ADMIN":"webmaster@localhost","SCRIPT_FILENAME":"\\/var\\/www\\/rename\\/index.php","REMOTE_PORT":"37010","REDIRECT_URL":"\\/api\\/v1\\/streets","GATEWAY_INTERFACE":"CGI\\/1.1","SERVER_PROTOCOL":"HTTP\\/1.1","REQUEST_METHOD":"GET","QUERY_STRING":"","REQUEST_URI":"\\/api\\/v1\\/streets","SCRIPT_NAME":"\\/index.php","PHP_SELF":"\\/index.php","REQUEST_TIME_FLOAT":1456497586.178,"REQUEST_TIME":1456497586}'),
(13, '{"REDIRECT_STATUS":"200","HTTP_HOST":"rename.canabina.lc","HTTP_CONNECTION":"keep-alive","HTTP_ACCEPT":"text\\/html,application\\/xhtml+xml,application\\/xml;q=0.9,image\\/webp,*\\/*;q=0.8","HTTP_UPGRADE_INSECURE_REQUESTS":"1","HTTP_USER_AGENT":"Mozilla\\/5.0 (X11; Linux x86_64) AppleWebKit\\/537.36 (KHTML, like Gecko) Chrome\\/48.0.2564.97 Safari\\/537.36","HTTP_ACCEPT_ENCODING":"gzip, deflate, sdch","HTTP_ACCEPT_LANGUAGE":"ru-RU,ru;q=0.8,en-US;q=0.6,en;q=0.4,uk;q=0.2","HTTP_COOKIE":"PHPSESSID=f1bqbqmd200cmj7u6ffcmlrj31","PATH":"\\/usr\\/local\\/sbin:\\/usr\\/local\\/bin:\\/usr\\/sbin:\\/usr\\/bin:\\/sbin:\\/bin","SERVER_SIGNATURE":"<address>Apache\\/2.4.12 (Ubuntu) Server at rename.canabina.lc Port 80<\\/address>\\n","SERVER_SOFTWARE":"Apache\\/2.4.12 (Ubuntu)","SERVER_NAME":"rename.canabina.lc","SERVER_ADDR":"127.0.0.1","SERVER_PORT":"80","REMOTE_ADDR":"127.0.0.1","DOCUMENT_ROOT":"\\/var\\/www\\/rename","REQUEST_SCHEME":"http","CONTEXT_PREFIX":"","CONTEXT_DOCUMENT_ROOT":"\\/var\\/www\\/rename","SERVER_ADMIN":"webmaster@localhost","SCRIPT_FILENAME":"\\/var\\/www\\/rename\\/index.php","REMOTE_PORT":"37012","REDIRECT_URL":"\\/api\\/v1\\/streets","GATEWAY_INTERFACE":"CGI\\/1.1","SERVER_PROTOCOL":"HTTP\\/1.1","REQUEST_METHOD":"GET","QUERY_STRING":"","REQUEST_URI":"\\/api\\/v1\\/streets","SCRIPT_NAME":"\\/index.php","PHP_SELF":"\\/index.php","REQUEST_TIME_FLOAT":1456497588.225,"REQUEST_TIME":1456497588}'),
(14, '{"REDIRECT_STATUS":"200","HTTP_HOST":"rename.canabina.lc","HTTP_CONNECTION":"keep-alive","HTTP_ACCEPT":"text\\/html,application\\/xhtml+xml,application\\/xml;q=0.9,image\\/webp,*\\/*;q=0.8","HTTP_UPGRADE_INSECURE_REQUESTS":"1","HTTP_USER_AGENT":"Mozilla\\/5.0 (X11; Linux x86_64) AppleWebKit\\/537.36 (KHTML, like Gecko) Chrome\\/48.0.2564.97 Safari\\/537.36","HTTP_ACCEPT_ENCODING":"gzip, deflate, sdch","HTTP_ACCEPT_LANGUAGE":"ru-RU,ru;q=0.8,en-US;q=0.6,en;q=0.4,uk;q=0.2","HTTP_COOKIE":"PHPSESSID=f1bqbqmd200cmj7u6ffcmlrj31","PATH":"\\/usr\\/local\\/sbin:\\/usr\\/local\\/bin:\\/usr\\/sbin:\\/usr\\/bin:\\/sbin:\\/bin","SERVER_SIGNATURE":"<address>Apache\\/2.4.12 (Ubuntu) Server at rename.canabina.lc Port 80<\\/address>\\n","SERVER_SOFTWARE":"Apache\\/2.4.12 (Ubuntu)","SERVER_NAME":"rename.canabina.lc","SERVER_ADDR":"127.0.0.1","SERVER_PORT":"80","REMOTE_ADDR":"127.0.0.1","DOCUMENT_ROOT":"\\/var\\/www\\/rename","REQUEST_SCHEME":"http","CONTEXT_PREFIX":"","CONTEXT_DOCUMENT_ROOT":"\\/var\\/www\\/rename","SERVER_ADMIN":"webmaster@localhost","SCRIPT_FILENAME":"\\/var\\/www\\/rename\\/index.php","REMOTE_PORT":"47354","REDIRECT_URL":"\\/api\\/v1\\/streets","GATEWAY_INTERFACE":"CGI\\/1.1","SERVER_PROTOCOL":"HTTP\\/1.1","REQUEST_METHOD":"GET","QUERY_STRING":"","REQUEST_URI":"\\/api\\/v1\\/streets","SCRIPT_NAME":"\\/index.php","PHP_SELF":"\\/index.php","REQUEST_TIME_FLOAT":1456744524.019,"REQUEST_TIME":1456744524}'),
(15, '{"REDIRECT_STATUS":"200","HTTP_HOST":"rename.canabina.lc","HTTP_CONNECTION":"keep-alive","HTTP_ACCEPT":"text\\/html,application\\/xhtml+xml,application\\/xml;q=0.9,image\\/webp,*\\/*;q=0.8","HTTP_UPGRADE_INSECURE_REQUESTS":"1","HTTP_USER_AGENT":"Mozilla\\/5.0 (X11; Linux x86_64) AppleWebKit\\/537.36 (KHTML, like Gecko) Chrome\\/48.0.2564.97 Safari\\/537.36","HTTP_ACCEPT_ENCODING":"gzip, deflate, sdch","HTTP_ACCEPT_LANGUAGE":"ru-RU,ru;q=0.8,en-US;q=0.6,en;q=0.4,uk;q=0.2","HTTP_COOKIE":"PHPSESSID=f1bqbqmd200cmj7u6ffcmlrj31","PATH":"\\/usr\\/local\\/sbin:\\/usr\\/local\\/bin:\\/usr\\/sbin:\\/usr\\/bin:\\/sbin:\\/bin","SERVER_SIGNATURE":"<address>Apache\\/2.4.12 (Ubuntu) Server at rename.canabina.lc Port 80<\\/address>\\n","SERVER_SOFTWARE":"Apache\\/2.4.12 (Ubuntu)","SERVER_NAME":"rename.canabina.lc","SERVER_ADDR":"127.0.0.1","SERVER_PORT":"80","REMOTE_ADDR":"127.0.0.1","DOCUMENT_ROOT":"\\/var\\/www\\/rename","REQUEST_SCHEME":"http","CONTEXT_PREFIX":"","CONTEXT_DOCUMENT_ROOT":"\\/var\\/www\\/rename","SERVER_ADMIN":"webmaster@localhost","SCRIPT_FILENAME":"\\/var\\/www\\/rename\\/index.php","REMOTE_PORT":"47354","REDIRECT_URL":"\\/api\\/v1\\/streets","GATEWAY_INTERFACE":"CGI\\/1.1","SERVER_PROTOCOL":"HTTP\\/1.1","REQUEST_METHOD":"GET","QUERY_STRING":"","REQUEST_URI":"\\/api\\/v1\\/streets","SCRIPT_NAME":"\\/index.php","PHP_SELF":"\\/index.php","REQUEST_TIME_FLOAT":1456744525.174,"REQUEST_TIME":1456744525}'),
(16, '{"REDIRECT_STATUS":"200","HTTP_HOST":"rename.canabina.lc","HTTP_CONNECTION":"keep-alive","HTTP_PRAGMA":"no-cache","HTTP_CACHE_CONTROL":"no-cache","HTTP_ACCEPT":"text\\/html,application\\/xhtml+xml,application\\/xml;q=0.9,image\\/webp,*\\/*;q=0.8","HTTP_UPGRADE_INSECURE_REQUESTS":"1","HTTP_USER_AGENT":"Mozilla\\/5.0 (X11; Linux x86_64) AppleWebKit\\/537.36 (KHTML, like Gecko) Chrome\\/48.0.2564.97 Safari\\/537.36","HTTP_ACCEPT_ENCODING":"gzip, deflate, sdch","HTTP_ACCEPT_LANGUAGE":"ru-RU,ru;q=0.8,en-US;q=0.6,en;q=0.4,uk;q=0.2","HTTP_COOKIE":"PHPSESSID=f1bqbqmd200cmj7u6ffcmlrj31","PATH":"\\/usr\\/local\\/sbin:\\/usr\\/local\\/bin:\\/usr\\/sbin:\\/usr\\/bin:\\/sbin:\\/bin","SERVER_SIGNATURE":"<address>Apache\\/2.4.12 (Ubuntu) Server at rename.canabina.lc Port 80<\\/address>\\n","SERVER_SOFTWARE":"Apache\\/2.4.12 (Ubuntu)","SERVER_NAME":"rename.canabina.lc","SERVER_ADDR":"127.0.0.1","SERVER_PORT":"80","REMOTE_ADDR":"127.0.0.1","DOCUMENT_ROOT":"\\/var\\/www\\/rename","REQUEST_SCHEME":"http","CONTEXT_PREFIX":"","CONTEXT_DOCUMENT_ROOT":"\\/var\\/www\\/rename","SERVER_ADMIN":"webmaster@localhost","SCRIPT_FILENAME":"\\/var\\/www\\/rename\\/index.php","REMOTE_PORT":"47356","REDIRECT_URL":"\\/api\\/v1\\/streets","GATEWAY_INTERFACE":"CGI\\/1.1","SERVER_PROTOCOL":"HTTP\\/1.1","REQUEST_METHOD":"GET","QUERY_STRING":"","REQUEST_URI":"\\/api\\/v1\\/streets","SCRIPT_NAME":"\\/index.php","PHP_SELF":"\\/index.php","REQUEST_TIME_FLOAT":1456744533.669,"REQUEST_TIME":1456744533}'),
(17, '{"REDIRECT_STATUS":"200","HTTP_HOST":"rename.canabina.lc","HTTP_CONNECTION":"keep-alive","HTTP_ACCEPT":"text\\/html,application\\/xhtml+xml,application\\/xml;q=0.9,image\\/webp,*\\/*;q=0.8","HTTP_UPGRADE_INSECURE_REQUESTS":"1","HTTP_USER_AGENT":"Mozilla\\/5.0 (X11; Linux x86_64) AppleWebKit\\/537.36 (KHTML, like Gecko) Chrome\\/48.0.2564.97 Safari\\/537.36","HTTP_ACCEPT_ENCODING":"gzip, deflate, sdch","HTTP_ACCEPT_LANGUAGE":"ru-RU,ru;q=0.8,en-US;q=0.6,en;q=0.4,uk;q=0.2","HTTP_COOKIE":"PHPSESSID=f1bqbqmd200cmj7u6ffcmlrj31","PATH":"\\/usr\\/local\\/sbin:\\/usr\\/local\\/bin:\\/usr\\/sbin:\\/usr\\/bin:\\/sbin:\\/bin","SERVER_SIGNATURE":"<address>Apache\\/2.4.12 (Ubuntu) Server at rename.canabina.lc Port 80<\\/address>\\n","SERVER_SOFTWARE":"Apache\\/2.4.12 (Ubuntu)","SERVER_NAME":"rename.canabina.lc","SERVER_ADDR":"127.0.0.1","SERVER_PORT":"80","REMOTE_ADDR":"127.0.0.1","DOCUMENT_ROOT":"\\/var\\/www\\/rename","REQUEST_SCHEME":"http","CONTEXT_PREFIX":"","CONTEXT_DOCUMENT_ROOT":"\\/var\\/www\\/rename","SERVER_ADMIN":"webmaster@localhost","SCRIPT_FILENAME":"\\/var\\/www\\/rename\\/index.php","REMOTE_PORT":"47358","REDIRECT_URL":"\\/api\\/v1\\/streets","GATEWAY_INTERFACE":"CGI\\/1.1","SERVER_PROTOCOL":"HTTP\\/1.1","REQUEST_METHOD":"GET","QUERY_STRING":"","REQUEST_URI":"\\/api\\/v1\\/streets","SCRIPT_NAME":"\\/index.php","PHP_SELF":"\\/index.php","REQUEST_TIME_FLOAT":1456744621.228,"REQUEST_TIME":1456744621}'),
(18, '{"REDIRECT_STATUS":"200","HTTP_HOST":"rename.canabina.lc","HTTP_CONNECTION":"keep-alive","HTTP_PRAGMA":"no-cache","HTTP_CACHE_CONTROL":"no-cache","HTTP_ACCEPT":"text\\/html,application\\/xhtml+xml,application\\/xml;q=0.9,image\\/webp,*\\/*;q=0.8","HTTP_UPGRADE_INSECURE_REQUESTS":"1","HTTP_USER_AGENT":"Mozilla\\/5.0 (X11; Linux x86_64) AppleWebKit\\/537.36 (KHTML, like Gecko) Chrome\\/48.0.2564.97 Safari\\/537.36","HTTP_ACCEPT_ENCODING":"gzip, deflate, sdch","HTTP_ACCEPT_LANGUAGE":"ru-RU,ru;q=0.8,en-US;q=0.6,en;q=0.4,uk;q=0.2","HTTP_COOKIE":"PHPSESSID=f1bqbqmd200cmj7u6ffcmlrj31","PATH":"\\/usr\\/local\\/sbin:\\/usr\\/local\\/bin:\\/usr\\/sbin:\\/usr\\/bin:\\/sbin:\\/bin","SERVER_SIGNATURE":"<address>Apache\\/2.4.12 (Ubuntu) Server at rename.canabina.lc Port 80<\\/address>\\n","SERVER_SOFTWARE":"Apache\\/2.4.12 (Ubuntu)","SERVER_NAME":"rename.canabina.lc","SERVER_ADDR":"127.0.0.1","SERVER_PORT":"80","REMOTE_ADDR":"127.0.0.1","DOCUMENT_ROOT":"\\/var\\/www\\/rename","REQUEST_SCHEME":"http","CONTEXT_PREFIX":"","CONTEXT_DOCUMENT_ROOT":"\\/var\\/www\\/rename","SERVER_ADMIN":"webmaster@localhost","SCRIPT_FILENAME":"\\/var\\/www\\/rename\\/index.php","REMOTE_PORT":"47366","REDIRECT_URL":"\\/api\\/v1\\/streets","GATEWAY_INTERFACE":"CGI\\/1.1","SERVER_PROTOCOL":"HTTP\\/1.1","REQUEST_METHOD":"GET","QUERY_STRING":"","REQUEST_URI":"\\/api\\/v1\\/streets","SCRIPT_NAME":"\\/index.php","PHP_SELF":"\\/index.php","REQUEST_TIME_FLOAT":1456744672.332,"REQUEST_TIME":1456744672}'),
(19, '{"REDIRECT_STATUS":"200","HTTP_HOST":"rename.canabina.lc","HTTP_CONNECTION":"keep-alive","HTTP_PRAGMA":"no-cache","HTTP_CACHE_CONTROL":"no-cache","HTTP_ACCEPT":"text\\/html,application\\/xhtml+xml,application\\/xml;q=0.9,image\\/webp,*\\/*;q=0.8","HTTP_UPGRADE_INSECURE_REQUESTS":"1","HTTP_USER_AGENT":"Mozilla\\/5.0 (X11; Linux x86_64) AppleWebKit\\/537.36 (KHTML, like Gecko) Chrome\\/48.0.2564.97 Safari\\/537.36","HTTP_ACCEPT_ENCODING":"gzip, deflate, sdch","HTTP_ACCEPT_LANGUAGE":"ru-RU,ru;q=0.8,en-US;q=0.6,en;q=0.4,uk;q=0.2","HTTP_COOKIE":"PHPSESSID=f1bqbqmd200cmj7u6ffcmlrj31","PATH":"\\/usr\\/local\\/sbin:\\/usr\\/local\\/bin:\\/usr\\/sbin:\\/usr\\/bin:\\/sbin:\\/bin","SERVER_SIGNATURE":"<address>Apache\\/2.4.12 (Ubuntu) Server at rename.canabina.lc Port 80<\\/address>\\n","SERVER_SOFTWARE":"Apache\\/2.4.12 (Ubuntu)","SERVER_NAME":"rename.canabina.lc","SERVER_ADDR":"127.0.0.1","SERVER_PORT":"80","REMOTE_ADDR":"127.0.0.1","DOCUMENT_ROOT":"\\/var\\/www\\/rename","REQUEST_SCHEME":"http","CONTEXT_PREFIX":"","CONTEXT_DOCUMENT_ROOT":"\\/var\\/www\\/rename","SERVER_ADMIN":"webmaster@localhost","SCRIPT_FILENAME":"\\/var\\/www\\/rename\\/index.php","REMOTE_PORT":"47368","REDIRECT_URL":"\\/api\\/v1\\/streets","GATEWAY_INTERFACE":"CGI\\/1.1","SERVER_PROTOCOL":"HTTP\\/1.1","REQUEST_METHOD":"GET","QUERY_STRING":"","REQUEST_URI":"\\/api\\/v1\\/streets","SCRIPT_NAME":"\\/index.php","PHP_SELF":"\\/index.php","REQUEST_TIME_FLOAT":1456744696.567,"REQUEST_TIME":1456744696}'),
(20, '{"REDIRECT_STATUS":"200","HTTP_HOST":"rename.canabina.lc","HTTP_CONNECTION":"keep-alive","HTTP_PRAGMA":"no-cache","HTTP_CACHE_CONTROL":"no-cache","HTTP_ACCEPT":"text\\/html,application\\/xhtml+xml,application\\/xml;q=0.9,image\\/webp,*\\/*;q=0.8","HTTP_UPGRADE_INSECURE_REQUESTS":"1","HTTP_USER_AGENT":"Mozilla\\/5.0 (X11; Linux x86_64) AppleWebKit\\/537.36 (KHTML, like Gecko) Chrome\\/48.0.2564.97 Safari\\/537.36","HTTP_ACCEPT_ENCODING":"gzip, deflate, sdch","HTTP_ACCEPT_LANGUAGE":"ru-RU,ru;q=0.8,en-US;q=0.6,en;q=0.4,uk;q=0.2","HTTP_COOKIE":"PHPSESSID=f1bqbqmd200cmj7u6ffcmlrj31","PATH":"\\/usr\\/local\\/sbin:\\/usr\\/local\\/bin:\\/usr\\/sbin:\\/usr\\/bin:\\/sbin:\\/bin","SERVER_SIGNATURE":"<address>Apache\\/2.4.12 (Ubuntu) Server at rename.canabina.lc Port 80<\\/address>\\n","SERVER_SOFTWARE":"Apache\\/2.4.12 (Ubuntu)","SERVER_NAME":"rename.canabina.lc","SERVER_ADDR":"127.0.0.1","SERVER_PORT":"80","REMOTE_ADDR":"127.0.0.1","DOCUMENT_ROOT":"\\/var\\/www\\/rename","REQUEST_SCHEME":"http","CONTEXT_PREFIX":"","CONTEXT_DOCUMENT_ROOT":"\\/var\\/www\\/rename","SERVER_ADMIN":"webmaster@localhost","SCRIPT_FILENAME":"\\/var\\/www\\/rename\\/index.php","REMOTE_PORT":"47370","REDIRECT_URL":"\\/api\\/v1\\/streets","GATEWAY_INTERFACE":"CGI\\/1.1","SERVER_PROTOCOL":"HTTP\\/1.1","REQUEST_METHOD":"GET","QUERY_STRING":"","REQUEST_URI":"\\/api\\/v1\\/streets","SCRIPT_NAME":"\\/index.php","PHP_SELF":"\\/index.php","REQUEST_TIME_FLOAT":1456744697.188,"REQUEST_TIME":1456744697}'),
(21, '{"REDIRECT_STATUS":"200","HTTP_HOST":"rename.canabina.lc","HTTP_CONNECTION":"keep-alive","HTTP_PRAGMA":"no-cache","HTTP_CACHE_CONTROL":"no-cache","HTTP_ACCEPT":"text\\/html,application\\/xhtml+xml,application\\/xml;q=0.9,image\\/webp,*\\/*;q=0.8","HTTP_UPGRADE_INSECURE_REQUESTS":"1","HTTP_USER_AGENT":"Mozilla\\/5.0 (X11; Linux x86_64) AppleWebKit\\/537.36 (KHTML, like Gecko) Chrome\\/48.0.2564.97 Safari\\/537.36","HTTP_ACCEPT_ENCODING":"gzip, deflate, sdch","HTTP_ACCEPT_LANGUAGE":"ru-RU,ru;q=0.8,en-US;q=0.6,en;q=0.4,uk;q=0.2","HTTP_COOKIE":"PHPSESSID=f1bqbqmd200cmj7u6ffcmlrj31","PATH":"\\/usr\\/local\\/sbin:\\/usr\\/local\\/bin:\\/usr\\/sbin:\\/usr\\/bin:\\/sbin:\\/bin","SERVER_SIGNATURE":"<address>Apache\\/2.4.12 (Ubuntu) Server at rename.canabina.lc Port 80<\\/address>\\n","SERVER_SOFTWARE":"Apache\\/2.4.12 (Ubuntu)","SERVER_NAME":"rename.canabina.lc","SERVER_ADDR":"127.0.0.1","SERVER_PORT":"80","REMOTE_ADDR":"127.0.0.1","DOCUMENT_ROOT":"\\/var\\/www\\/rename","REQUEST_SCHEME":"http","CONTEXT_PREFIX":"","CONTEXT_DOCUMENT_ROOT":"\\/var\\/www\\/rename","SERVER_ADMIN":"webmaster@localhost","SCRIPT_FILENAME":"\\/var\\/www\\/rename\\/index.php","REMOTE_PORT":"47372","REDIRECT_URL":"\\/api\\/v1\\/streets","GATEWAY_INTERFACE":"CGI\\/1.1","SERVER_PROTOCOL":"HTTP\\/1.1","REQUEST_METHOD":"GET","QUERY_STRING":"","REQUEST_URI":"\\/api\\/v1\\/streets","SCRIPT_NAME":"\\/index.php","PHP_SELF":"\\/index.php","REQUEST_TIME_FLOAT":1456744697.58,"REQUEST_TIME":1456744697}'),
(22, '{"REDIRECT_STATUS":"200","HTTP_HOST":"rename.canabina.lc","HTTP_CONNECTION":"keep-alive","HTTP_PRAGMA":"no-cache","HTTP_CACHE_CONTROL":"no-cache","HTTP_ACCEPT":"text\\/html,application\\/xhtml+xml,application\\/xml;q=0.9,image\\/webp,*\\/*;q=0.8","HTTP_UPGRADE_INSECURE_REQUESTS":"1","HTTP_USER_AGENT":"Mozilla\\/5.0 (X11; Linux x86_64) AppleWebKit\\/537.36 (KHTML, like Gecko) Chrome\\/48.0.2564.97 Safari\\/537.36","HTTP_ACCEPT_ENCODING":"gzip, deflate, sdch","HTTP_ACCEPT_LANGUAGE":"ru-RU,ru;q=0.8,en-US;q=0.6,en;q=0.4,uk;q=0.2","HTTP_COOKIE":"PHPSESSID=f1bqbqmd200cmj7u6ffcmlrj31","PATH":"\\/usr\\/local\\/sbin:\\/usr\\/local\\/bin:\\/usr\\/sbin:\\/usr\\/bin:\\/sbin:\\/bin","SERVER_SIGNATURE":"<address>Apache\\/2.4.12 (Ubuntu) Server at rename.canabina.lc Port 80<\\/address>\\n","SERVER_SOFTWARE":"Apache\\/2.4.12 (Ubuntu)","SERVER_NAME":"rename.canabina.lc","SERVER_ADDR":"127.0.0.1","SERVER_PORT":"80","REMOTE_ADDR":"127.0.0.1","DOCUMENT_ROOT":"\\/var\\/www\\/rename","REQUEST_SCHEME":"http","CONTEXT_PREFIX":"","CONTEXT_DOCUMENT_ROOT":"\\/var\\/www\\/rename","SERVER_ADMIN":"webmaster@localhost","SCRIPT_FILENAME":"\\/var\\/www\\/rename\\/index.php","REMOTE_PORT":"47374","REDIRECT_URL":"\\/api\\/v1\\/streets","GATEWAY_INTERFACE":"CGI\\/1.1","SERVER_PROTOCOL":"HTTP\\/1.1","REQUEST_METHOD":"GET","QUERY_STRING":"","REQUEST_URI":"\\/api\\/v1\\/streets","SCRIPT_NAME":"\\/index.php","PHP_SELF":"\\/index.php","REQUEST_TIME_FLOAT":1456744697.868,"REQUEST_TIME":1456744697}'),
(23, '{"REDIRECT_STATUS":"200","HTTP_HOST":"rename.canabina.lc","HTTP_CONNECTION":"keep-alive","HTTP_PRAGMA":"no-cache","HTTP_CACHE_CONTROL":"no-cache","HTTP_ACCEPT":"text\\/html,application\\/xhtml+xml,application\\/xml;q=0.9,image\\/webp,*\\/*;q=0.8","HTTP_UPGRADE_INSECURE_REQUESTS":"1","HTTP_USER_AGENT":"Mozilla\\/5.0 (X11; Linux x86_64) AppleWebKit\\/537.36 (KHTML, like Gecko) Chrome\\/48.0.2564.97 Safari\\/537.36","HTTP_ACCEPT_ENCODING":"gzip, deflate, sdch","HTTP_ACCEPT_LANGUAGE":"ru-RU,ru;q=0.8,en-US;q=0.6,en;q=0.4,uk;q=0.2","HTTP_COOKIE":"PHPSESSID=f1bqbqmd200cmj7u6ffcmlrj31","PATH":"\\/usr\\/local\\/sbin:\\/usr\\/local\\/bin:\\/usr\\/sbin:\\/usr\\/bin:\\/sbin:\\/bin","SERVER_SIGNATURE":"<address>Apache\\/2.4.12 (Ubuntu) Server at rename.canabina.lc Port 80<\\/address>\\n","SERVER_SOFTWARE":"Apache\\/2.4.12 (Ubuntu)","SERVER_NAME":"rename.canabina.lc","SERVER_ADDR":"127.0.0.1","SERVER_PORT":"80","REMOTE_ADDR":"127.0.0.1","DOCUMENT_ROOT":"\\/var\\/www\\/rename","REQUEST_SCHEME":"http","CONTEXT_PREFIX":"","CONTEXT_DOCUMENT_ROOT":"\\/var\\/www\\/rename","SERVER_ADMIN":"webmaster@localhost","SCRIPT_FILENAME":"\\/var\\/www\\/rename\\/index.php","REMOTE_PORT":"47376","REDIRECT_URL":"\\/api\\/v1\\/streets","GATEWAY_INTERFACE":"CGI\\/1.1","SERVER_PROTOCOL":"HTTP\\/1.1","REQUEST_METHOD":"GET","QUERY_STRING":"","REQUEST_URI":"\\/api\\/v1\\/streets","SCRIPT_NAME":"\\/index.php","PHP_SELF":"\\/index.php","REQUEST_TIME_FLOAT":1456744698.076,"REQUEST_TIME":1456744698}'),
(24, '{"REDIRECT_STATUS":"200","HTTP_HOST":"rename.canabina.lc","HTTP_CONNECTION":"keep-alive","HTTP_PRAGMA":"no-cache","HTTP_CACHE_CONTROL":"no-cache","HTTP_ACCEPT":"text\\/html,application\\/xhtml+xml,application\\/xml;q=0.9,image\\/webp,*\\/*;q=0.8","HTTP_UPGRADE_INSECURE_REQUESTS":"1","HTTP_USER_AGENT":"Mozilla\\/5.0 (X11; Linux x86_64) AppleWebKit\\/537.36 (KHTML, like Gecko) Chrome\\/48.0.2564.97 Safari\\/537.36","HTTP_ACCEPT_ENCODING":"gzip, deflate, sdch","HTTP_ACCEPT_LANGUAGE":"ru-RU,ru;q=0.8,en-US;q=0.6,en;q=0.4,uk;q=0.2","HTTP_COOKIE":"PHPSESSID=f1bqbqmd200cmj7u6ffcmlrj31","PATH":"\\/usr\\/local\\/sbin:\\/usr\\/local\\/bin:\\/usr\\/sbin:\\/usr\\/bin:\\/sbin:\\/bin","SERVER_SIGNATURE":"<address>Apache\\/2.4.12 (Ubuntu) Server at rename.canabina.lc Port 80<\\/address>\\n","SERVER_SOFTWARE":"Apache\\/2.4.12 (Ubuntu)","SERVER_NAME":"rename.canabina.lc","SERVER_ADDR":"127.0.0.1","SERVER_PORT":"80","REMOTE_ADDR":"127.0.0.1","DOCUMENT_ROOT":"\\/var\\/www\\/rename","REQUEST_SCHEME":"http","CONTEXT_PREFIX":"","CONTEXT_DOCUMENT_ROOT":"\\/var\\/www\\/rename","SERVER_ADMIN":"webmaster@localhost","SCRIPT_FILENAME":"\\/var\\/www\\/rename\\/index.php","REMOTE_PORT":"47378","REDIRECT_URL":"\\/api\\/v1\\/streets","GATEWAY_INTERFACE":"CGI\\/1.1","SERVER_PROTOCOL":"HTTP\\/1.1","REQUEST_METHOD":"GET","QUERY_STRING":"","REQUEST_URI":"\\/api\\/v1\\/streets","SCRIPT_NAME":"\\/index.php","PHP_SELF":"\\/index.php","REQUEST_TIME_FLOAT":1456744698.269,"REQUEST_TIME":1456744698}'),
(25, '{"REDIRECT_STATUS":"200","HTTP_HOST":"rename.canabina.lc","HTTP_CONNECTION":"keep-alive","HTTP_PRAGMA":"no-cache","HTTP_CACHE_CONTROL":"no-cache","HTTP_ACCEPT":"text\\/html,application\\/xhtml+xml,application\\/xml;q=0.9,image\\/webp,*\\/*;q=0.8","HTTP_UPGRADE_INSECURE_REQUESTS":"1","HTTP_USER_AGENT":"Mozilla\\/5.0 (X11; Linux x86_64) AppleWebKit\\/537.36 (KHTML, like Gecko) Chrome\\/48.0.2564.97 Safari\\/537.36","HTTP_ACCEPT_ENCODING":"gzip, deflate, sdch","HTTP_ACCEPT_LANGUAGE":"ru-RU,ru;q=0.8,en-US;q=0.6,en;q=0.4,uk;q=0.2","HTTP_COOKIE":"PHPSESSID=f1bqbqmd200cmj7u6ffcmlrj31","PATH":"\\/usr\\/local\\/sbin:\\/usr\\/local\\/bin:\\/usr\\/sbin:\\/usr\\/bin:\\/sbin:\\/bin","SERVER_SIGNATURE":"<address>Apache\\/2.4.12 (Ubuntu) Server at rename.canabina.lc Port 80<\\/address>\\n","SERVER_SOFTWARE":"Apache\\/2.4.12 (Ubuntu)","SERVER_NAME":"rename.canabina.lc","SERVER_ADDR":"127.0.0.1","SERVER_PORT":"80","REMOTE_ADDR":"127.0.0.1","DOCUMENT_ROOT":"\\/var\\/www\\/rename","REQUEST_SCHEME":"http","CONTEXT_PREFIX":"","CONTEXT_DOCUMENT_ROOT":"\\/var\\/www\\/rename","SERVER_ADMIN":"webmaster@localhost","SCRIPT_FILENAME":"\\/var\\/www\\/rename\\/index.php","REMOTE_PORT":"47380","REDIRECT_URL":"\\/api\\/v1\\/streets","GATEWAY_INTERFACE":"CGI\\/1.1","SERVER_PROTOCOL":"HTTP\\/1.1","REQUEST_METHOD":"GET","QUERY_STRING":"","REQUEST_URI":"\\/api\\/v1\\/streets","SCRIPT_NAME":"\\/index.php","PHP_SELF":"\\/index.php","REQUEST_TIME_FLOAT":1456744698.436,"REQUEST_TIME":1456744698}'),
(26, '{"REDIRECT_STATUS":"200","HTTP_HOST":"rename.canabina.lc","HTTP_CONNECTION":"keep-alive","HTTP_PRAGMA":"no-cache","HTTP_CACHE_CONTROL":"no-cache","HTTP_ACCEPT":"text\\/html,application\\/xhtml+xml,application\\/xml;q=0.9,image\\/webp,*\\/*;q=0.8","HTTP_UPGRADE_INSECURE_REQUESTS":"1","HTTP_USER_AGENT":"Mozilla\\/5.0 (X11; Linux x86_64) AppleWebKit\\/537.36 (KHTML, like Gecko) Chrome\\/48.0.2564.97 Safari\\/537.36","HTTP_ACCEPT_ENCODING":"gzip, deflate, sdch","HTTP_ACCEPT_LANGUAGE":"ru-RU,ru;q=0.8,en-US;q=0.6,en;q=0.4,uk;q=0.2","HTTP_COOKIE":"PHPSESSID=f1bqbqmd200cmj7u6ffcmlrj31","PATH":"\\/usr\\/local\\/sbin:\\/usr\\/local\\/bin:\\/usr\\/sbin:\\/usr\\/bin:\\/sbin:\\/bin","SERVER_SIGNATURE":"<address>Apache\\/2.4.12 (Ubuntu) Server at rename.canabina.lc Port 80<\\/address>\\n","SERVER_SOFTWARE":"Apache\\/2.4.12 (Ubuntu)","SERVER_NAME":"rename.canabina.lc","SERVER_ADDR":"127.0.0.1","SERVER_PORT":"80","REMOTE_ADDR":"127.0.0.1","DOCUMENT_ROOT":"\\/var\\/www\\/rename","REQUEST_SCHEME":"http","CONTEXT_PREFIX":"","CONTEXT_DOCUMENT_ROOT":"\\/var\\/www\\/rename","SERVER_ADMIN":"webmaster@localhost","SCRIPT_FILENAME":"\\/var\\/www\\/rename\\/index.php","REMOTE_PORT":"47382","REDIRECT_URL":"\\/api\\/v1\\/streets","GATEWAY_INTERFACE":"CGI\\/1.1","SERVER_PROTOCOL":"HTTP\\/1.1","REQUEST_METHOD":"GET","QUERY_STRING":"","REQUEST_URI":"\\/api\\/v1\\/streets","SCRIPT_NAME":"\\/index.php","PHP_SELF":"\\/index.php","REQUEST_TIME_FLOAT":1456744717.296,"REQUEST_TIME":1456744717}'),
(27, '{"REDIRECT_STATUS":"200","HTTP_HOST":"rename.canabina.lc","HTTP_CONNECTION":"keep-alive","HTTP_PRAGMA":"no-cache","HTTP_CACHE_CONTROL":"no-cache","HTTP_ACCEPT":"text\\/html,application\\/xhtml+xml,application\\/xml;q=0.9,image\\/webp,*\\/*;q=0.8","HTTP_UPGRADE_INSECURE_REQUESTS":"1","HTTP_USER_AGENT":"Mozilla\\/5.0 (X11; Linux x86_64) AppleWebKit\\/537.36 (KHTML, like Gecko) Chrome\\/48.0.2564.97 Safari\\/537.36","HTTP_ACCEPT_ENCODING":"gzip, deflate, sdch","HTTP_ACCEPT_LANGUAGE":"ru-RU,ru;q=0.8,en-US;q=0.6,en;q=0.4,uk;q=0.2","HTTP_COOKIE":"PHPSESSID=f1bqbqmd200cmj7u6ffcmlrj31","PATH":"\\/usr\\/local\\/sbin:\\/usr\\/local\\/bin:\\/usr\\/sbin:\\/usr\\/bin:\\/sbin:\\/bin","SERVER_SIGNATURE":"<address>Apache\\/2.4.12 (Ubuntu) Server at rename.canabina.lc Port 80<\\/address>\\n","SERVER_SOFTWARE":"Apache\\/2.4.12 (Ubuntu)","SERVER_NAME":"rename.canabina.lc","SERVER_ADDR":"127.0.0.1","SERVER_PORT":"80","REMOTE_ADDR":"127.0.0.1","DOCUMENT_ROOT":"\\/var\\/www\\/rename","REQUEST_SCHEME":"http","CONTEXT_PREFIX":"","CONTEXT_DOCUMENT_ROOT":"\\/var\\/www\\/rename","SERVER_ADMIN":"webmaster@localhost","SCRIPT_FILENAME":"\\/var\\/www\\/rename\\/index.php","REMOTE_PORT":"47388","REDIRECT_URL":"\\/api\\/v1\\/streets","GATEWAY_INTERFACE":"CGI\\/1.1","SERVER_PROTOCOL":"HTTP\\/1.1","REQUEST_METHOD":"GET","QUERY_STRING":"","REQUEST_URI":"\\/api\\/v1\\/streets","SCRIPT_NAME":"\\/index.php","PHP_SELF":"\\/index.php","REQUEST_TIME_FLOAT":1456744782.6,"REQUEST_TIME":1456744782}'),
(28, '{"REDIRECT_STATUS":"200","HTTP_HOST":"rename.canabina.lc","HTTP_CONNECTION":"keep-alive","HTTP_PRAGMA":"no-cache","HTTP_CACHE_CONTROL":"no-cache","HTTP_ACCEPT":"text\\/html,application\\/xhtml+xml,application\\/xml;q=0.9,image\\/webp,*\\/*;q=0.8","HTTP_UPGRADE_INSECURE_REQUESTS":"1","HTTP_USER_AGENT":"Mozilla\\/5.0 (X11; Linux x86_64) AppleWebKit\\/537.36 (KHTML, like Gecko) Chrome\\/48.0.2564.97 Safari\\/537.36","HTTP_ACCEPT_ENCODING":"gzip, deflate, sdch","HTTP_ACCEPT_LANGUAGE":"ru-RU,ru;q=0.8,en-US;q=0.6,en;q=0.4,uk;q=0.2","HTTP_COOKIE":"PHPSESSID=f1bqbqmd200cmj7u6ffcmlrj31","PATH":"\\/usr\\/local\\/sbin:\\/usr\\/local\\/bin:\\/usr\\/sbin:\\/usr\\/bin:\\/sbin:\\/bin","SERVER_SIGNATURE":"<address>Apache\\/2.4.12 (Ubuntu) Server at rename.canabina.lc Port 80<\\/address>\\n","SERVER_SOFTWARE":"Apache\\/2.4.12 (Ubuntu)","SERVER_NAME":"rename.canabina.lc","SERVER_ADDR":"127.0.0.1","SERVER_PORT":"80","REMOTE_ADDR":"127.0.0.1","DOCUMENT_ROOT":"\\/var\\/www\\/rename","REQUEST_SCHEME":"http","CONTEXT_PREFIX":"","CONTEXT_DOCUMENT_ROOT":"\\/var\\/www\\/rename","SERVER_ADMIN":"webmaster@localhost","SCRIPT_FILENAME":"\\/var\\/www\\/rename\\/index.php","REMOTE_PORT":"47390","REDIRECT_URL":"\\/api\\/v1\\/streets","GATEWAY_INTERFACE":"CGI\\/1.1","SERVER_PROTOCOL":"HTTP\\/1.1","REQUEST_METHOD":"GET","QUERY_STRING":"","REQUEST_URI":"\\/api\\/v1\\/streets","SCRIPT_NAME":"\\/index.php","PHP_SELF":"\\/index.php","REQUEST_TIME_FLOAT":1456744844.587,"REQUEST_TIME":1456744844}'),
(29, '{"REDIRECT_STATUS":"200","HTTP_HOST":"rename.canabina.lc","HTTP_CONNECTION":"keep-alive","HTTP_PRAGMA":"no-cache","HTTP_CACHE_CONTROL":"no-cache","HTTP_ACCEPT":"text\\/html,application\\/xhtml+xml,application\\/xml;q=0.9,image\\/webp,*\\/*;q=0.8","HTTP_UPGRADE_INSECURE_REQUESTS":"1","HTTP_USER_AGENT":"Mozilla\\/5.0 (X11; Linux x86_64) AppleWebKit\\/537.36 (KHTML, like Gecko) Chrome\\/48.0.2564.97 Safari\\/537.36","HTTP_ACCEPT_ENCODING":"gzip, deflate, sdch","HTTP_ACCEPT_LANGUAGE":"ru-RU,ru;q=0.8,en-US;q=0.6,en;q=0.4,uk;q=0.2","HTTP_COOKIE":"PHPSESSID=f1bqbqmd200cmj7u6ffcmlrj31","PATH":"\\/usr\\/local\\/sbin:\\/usr\\/local\\/bin:\\/usr\\/sbin:\\/usr\\/bin:\\/sbin:\\/bin","SERVER_SIGNATURE":"<address>Apache\\/2.4.12 (Ubuntu) Server at rename.canabina.lc Port 80<\\/address>\\n","SERVER_SOFTWARE":"Apache\\/2.4.12 (Ubuntu)","SERVER_NAME":"rename.canabina.lc","SERVER_ADDR":"127.0.0.1","SERVER_PORT":"80","REMOTE_ADDR":"127.0.0.1","DOCUMENT_ROOT":"\\/var\\/www\\/rename","REQUEST_SCHEME":"http","CONTEXT_PREFIX":"","CONTEXT_DOCUMENT_ROOT":"\\/var\\/www\\/rename","SERVER_ADMIN":"webmaster@localhost","SCRIPT_FILENAME":"\\/var\\/www\\/rename\\/index.php","REMOTE_PORT":"47392","REDIRECT_URL":"\\/api\\/v1\\/streets","GATEWAY_INTERFACE":"CGI\\/1.1","SERVER_PROTOCOL":"HTTP\\/1.1","REQUEST_METHOD":"GET","QUERY_STRING":"","REQUEST_URI":"\\/api\\/v1\\/streets","SCRIPT_NAME":"\\/index.php","PHP_SELF":"\\/index.php","REQUEST_TIME_FLOAT":1456744863.519,"REQUEST_TIME":1456744863}'),
(30, '{"REDIRECT_STATUS":"200","HTTP_HOST":"rename.canabina.lc","HTTP_CONNECTION":"keep-alive","HTTP_PRAGMA":"no-cache","HTTP_CACHE_CONTROL":"no-cache","HTTP_ACCEPT":"text\\/html,application\\/xhtml+xml,application\\/xml;q=0.9,image\\/webp,*\\/*;q=0.8","HTTP_UPGRADE_INSECURE_REQUESTS":"1","HTTP_USER_AGENT":"Mozilla\\/5.0 (X11; Linux x86_64) AppleWebKit\\/537.36 (KHTML, like Gecko) Chrome\\/48.0.2564.97 Safari\\/537.36","HTTP_ACCEPT_ENCODING":"gzip, deflate, sdch","HTTP_ACCEPT_LANGUAGE":"ru-RU,ru;q=0.8,en-US;q=0.6,en;q=0.4,uk;q=0.2","HTTP_COOKIE":"PHPSESSID=f1bqbqmd200cmj7u6ffcmlrj31","PATH":"\\/usr\\/local\\/sbin:\\/usr\\/local\\/bin:\\/usr\\/sbin:\\/usr\\/bin:\\/sbin:\\/bin","SERVER_SIGNATURE":"<address>Apache\\/2.4.12 (Ubuntu) Server at rename.canabina.lc Port 80<\\/address>\\n","SERVER_SOFTWARE":"Apache\\/2.4.12 (Ubuntu)","SERVER_NAME":"rename.canabina.lc","SERVER_ADDR":"127.0.0.1","SERVER_PORT":"80","REMOTE_ADDR":"127.0.0.1","DOCUMENT_ROOT":"\\/var\\/www\\/rename","REQUEST_SCHEME":"http","CONTEXT_PREFIX":"","CONTEXT_DOCUMENT_ROOT":"\\/var\\/www\\/rename","SERVER_ADMIN":"webmaster@localhost","SCRIPT_FILENAME":"\\/var\\/www\\/rename\\/index.php","REMOTE_PORT":"47394","REDIRECT_URL":"\\/api\\/v1\\/streets","GATEWAY_INTERFACE":"CGI\\/1.1","SERVER_PROTOCOL":"HTTP\\/1.1","REQUEST_METHOD":"GET","QUERY_STRING":"","REQUEST_URI":"\\/api\\/v1\\/streets","SCRIPT_NAME":"\\/index.php","PHP_SELF":"\\/index.php","REQUEST_TIME_FLOAT":1456744912.891,"REQUEST_TIME":1456744912}'),
(31, '{"REDIRECT_STATUS":"200","HTTP_HOST":"rename.canabina.lc","HTTP_CONNECTION":"keep-alive","HTTP_PRAGMA":"no-cache","HTTP_CACHE_CONTROL":"no-cache","HTTP_ACCEPT":"text\\/html,application\\/xhtml+xml,application\\/xml;q=0.9,image\\/webp,*\\/*;q=0.8","HTTP_UPGRADE_INSECURE_REQUESTS":"1","HTTP_USER_AGENT":"Mozilla\\/5.0 (X11; Linux x86_64) AppleWebKit\\/537.36 (KHTML, like Gecko) Chrome\\/48.0.2564.97 Safari\\/537.36","HTTP_ACCEPT_ENCODING":"gzip, deflate, sdch","HTTP_ACCEPT_LANGUAGE":"ru-RU,ru;q=0.8,en-US;q=0.6,en;q=0.4,uk;q=0.2","HTTP_COOKIE":"PHPSESSID=f1bqbqmd200cmj7u6ffcmlrj31","PATH":"\\/usr\\/local\\/sbin:\\/usr\\/local\\/bin:\\/usr\\/sbin:\\/usr\\/bin:\\/sbin:\\/bin","SERVER_SIGNATURE":"<address>Apache\\/2.4.12 (Ubuntu) Server at rename.canabina.lc Port 80<\\/address>\\n","SERVER_SOFTWARE":"Apache\\/2.4.12 (Ubuntu)","SERVER_NAME":"rename.canabina.lc","SERVER_ADDR":"127.0.0.1","SERVER_PORT":"80","REMOTE_ADDR":"127.0.0.1","DOCUMENT_ROOT":"\\/var\\/www\\/rename","REQUEST_SCHEME":"http","CONTEXT_PREFIX":"","CONTEXT_DOCUMENT_ROOT":"\\/var\\/www\\/rename","SERVER_ADMIN":"webmaster@localhost","SCRIPT_FILENAME":"\\/var\\/www\\/rename\\/index.php","REMOTE_PORT":"47396","REDIRECT_URL":"\\/api\\/v1\\/streets","GATEWAY_INTERFACE":"CGI\\/1.1","SERVER_PROTOCOL":"HTTP\\/1.1","REQUEST_METHOD":"GET","QUERY_STRING":"","REQUEST_URI":"\\/api\\/v1\\/streets","SCRIPT_NAME":"\\/index.php","PHP_SELF":"\\/index.php","REQUEST_TIME_FLOAT":1456744931.219,"REQUEST_TIME":1456744931}'),
(32, '{"REDIRECT_STATUS":"200","HTTP_HOST":"rename.canabina.lc","HTTP_CONNECTION":"keep-alive","HTTP_PRAGMA":"no-cache","HTTP_CACHE_CONTROL":"no-cache","HTTP_ACCEPT":"text\\/html,application\\/xhtml+xml,application\\/xml;q=0.9,image\\/webp,*\\/*;q=0.8","HTTP_UPGRADE_INSECURE_REQUESTS":"1","HTTP_USER_AGENT":"Mozilla\\/5.0 (X11; Linux x86_64) AppleWebKit\\/537.36 (KHTML, like Gecko) Chrome\\/48.0.2564.97 Safari\\/537.36","HTTP_ACCEPT_ENCODING":"gzip, deflate, sdch","HTTP_ACCEPT_LANGUAGE":"ru-RU,ru;q=0.8,en-US;q=0.6,en;q=0.4,uk;q=0.2","HTTP_COOKIE":"PHPSESSID=f1bqbqmd200cmj7u6ffcmlrj31","PATH":"\\/usr\\/local\\/sbin:\\/usr\\/local\\/bin:\\/usr\\/sbin:\\/usr\\/bin:\\/sbin:\\/bin","SERVER_SIGNATURE":"<address>Apache\\/2.4.12 (Ubuntu) Server at rename.canabina.lc Port 80<\\/address>\\n","SERVER_SOFTWARE":"Apache\\/2.4.12 (Ubuntu)","SERVER_NAME":"rename.canabina.lc","SERVER_ADDR":"127.0.0.1","SERVER_PORT":"80","REMOTE_ADDR":"127.0.0.1","DOCUMENT_ROOT":"\\/var\\/www\\/rename","REQUEST_SCHEME":"http","CONTEXT_PREFIX":"","CONTEXT_DOCUMENT_ROOT":"\\/var\\/www\\/rename","SERVER_ADMIN":"webmaster@localhost","SCRIPT_FILENAME":"\\/var\\/www\\/rename\\/index.php","REMOTE_PORT":"47398","REDIRECT_URL":"\\/api\\/v1\\/streets","GATEWAY_INTERFACE":"CGI\\/1.1","SERVER_PROTOCOL":"HTTP\\/1.1","REQUEST_METHOD":"GET","QUERY_STRING":"","REQUEST_URI":"\\/api\\/v1\\/streets","SCRIPT_NAME":"\\/index.php","PHP_SELF":"\\/index.php","REQUEST_TIME_FLOAT":1456744952.402,"REQUEST_TIME":1456744952}'),
(33, '{"REDIRECT_STATUS":"200","HTTP_HOST":"rename.canabina.lc","HTTP_CONNECTION":"keep-alive","HTTP_CACHE_CONTROL":"max-age=0","HTTP_ACCEPT":"text\\/html,application\\/xhtml+xml,application\\/xml;q=0.9,image\\/webp,*\\/*;q=0.8","HTTP_UPGRADE_INSECURE_REQUESTS":"1","HTTP_USER_AGENT":"Mozilla\\/5.0 (X11; Linux x86_64) AppleWebKit\\/537.36 (KHTML, like Gecko) Chrome\\/48.0.2564.97 Safari\\/537.36","HTTP_ACCEPT_ENCODING":"gzip, deflate, sdch","HTTP_ACCEPT_LANGUAGE":"ru-RU,ru;q=0.8,en-US;q=0.6,en;q=0.4,uk;q=0.2","HTTP_COOKIE":"PHPSESSID=f1bqbqmd200cmj7u6ffcmlrj31","PATH":"\\/usr\\/local\\/sbin:\\/usr\\/local\\/bin:\\/usr\\/sbin:\\/usr\\/bin:\\/sbin:\\/bin","SERVER_SIGNATURE":"<address>Apache\\/2.4.12 (Ubuntu) Server at rename.canabina.lc Port 80<\\/address>\\n","SERVER_SOFTWARE":"Apache\\/2.4.12 (Ubuntu)","SERVER_NAME":"rename.canabina.lc","SERVER_ADDR":"127.0.0.1","SERVER_PORT":"80","REMOTE_ADDR":"127.0.0.1","DOCUMENT_ROOT":"\\/var\\/www\\/rename","REQUEST_SCHEME":"http","CONTEXT_PREFIX":"","CONTEXT_DOCUMENT_ROOT":"\\/var\\/www\\/rename","SERVER_ADMIN":"webmaster@localhost","SCRIPT_FILENAME":"\\/var\\/www\\/rename\\/index.php","REMOTE_PORT":"47402","REDIRECT_URL":"\\/api\\/v1\\/streets","GATEWAY_INTERFACE":"CGI\\/1.1","SERVER_PROTOCOL":"HTTP\\/1.1","REQUEST_METHOD":"GET","QUERY_STRING":"","REQUEST_URI":"\\/api\\/v1\\/streets","SCRIPT_NAME":"\\/index.php","PHP_SELF":"\\/index.php","REQUEST_TIME_FLOAT":1456744956.908,"REQUEST_TIME":1456744956}'),
(34, '{"REDIRECT_STATUS":"200","HTTP_HOST":"rename.canabina.lc","HTTP_CONNECTION":"keep-alive","HTTP_ACCEPT":"text\\/html,application\\/xhtml+xml,application\\/xml;q=0.9,image\\/webp,*\\/*;q=0.8","HTTP_UPGRADE_INSECURE_REQUESTS":"1","HTTP_USER_AGENT":"Mozilla\\/5.0 (X11; Linux x86_64) AppleWebKit\\/537.36 (KHTML, like Gecko) Chrome\\/48.0.2564.97 Safari\\/537.36","HTTP_ACCEPT_ENCODING":"gzip, deflate, sdch","HTTP_ACCEPT_LANGUAGE":"ru-RU,ru;q=0.8,en-US;q=0.6,en;q=0.4,uk;q=0.2","HTTP_COOKIE":"PHPSESSID=f1bqbqmd200cmj7u6ffcmlrj31; _gat=1; _ga=GA1.2.1409133819.1456744960","PATH":"\\/usr\\/local\\/sbin:\\/usr\\/local\\/bin:\\/usr\\/sbin:\\/usr\\/bin:\\/sbin:\\/bin","SERVER_SIGNATURE":"<address>Apache\\/2.4.12 (Ubuntu) Server at rename.canabina.lc Port 80<\\/address>\\n","SERVER_SOFTWARE":"Apache\\/2.4.12 (Ubuntu)","SERVER_NAME":"rename.canabina.lc","SERVER_ADDR":"127.0.0.1","SERVER_PORT":"80","REMOTE_ADDR":"127.0.0.1","DOCUMENT_ROOT":"\\/var\\/www\\/rename","REQUEST_SCHEME":"http","CONTEXT_PREFIX":"","CONTEXT_DOCUMENT_ROOT":"\\/var\\/www\\/rename","SERVER_ADMIN":"webmaster@localhost","SCRIPT_FILENAME":"\\/var\\/www\\/rename\\/index.php","REMOTE_PORT":"50498","REDIRECT_URL":"\\/api\\/v1\\/streets","GATEWAY_INTERFACE":"CGI\\/1.1","SERVER_PROTOCOL":"HTTP\\/1.1","REQUEST_METHOD":"GET","QUERY_STRING":"","REQUEST_URI":"\\/api\\/v1\\/streets","SCRIPT_NAME":"\\/index.php","PHP_SELF":"\\/index.php","REQUEST_TIME_FLOAT":1457082835.03,"REQUEST_TIME":1457082835}');
INSERT INTO `stats` (`id`, `info`) VALUES
(35, '{"REDIRECT_STATUS":"200","HTTP_HOST":"rename.canabina.lc","HTTP_CONNECTION":"keep-alive","HTTP_ACCEPT":"text\\/html,application\\/xhtml+xml,application\\/xml;q=0.9,image\\/webp,*\\/*;q=0.8","HTTP_UPGRADE_INSECURE_REQUESTS":"1","HTTP_USER_AGENT":"Mozilla\\/5.0 (X11; Linux x86_64) AppleWebKit\\/537.36 (KHTML, like Gecko) Ubuntu Chromium\\/48.0.2564.116 Chrome\\/48.0.2564.116 Safari\\/537.36","HTTP_REFERER":"http:\\/\\/rename.canabina.lc\\/docs","HTTP_ACCEPT_ENCODING":"gzip, deflate, sdch","HTTP_ACCEPT_LANGUAGE":"ru-RU,ru;q=0.8,en-US;q=0.6,en;q=0.4","HTTP_COOKIE":"PHPSESSID=486flc3b7cetfmqrrn847dehb1; _gat=1; _ga=GA1.2.1705142118.1457180359","PATH":"\\/usr\\/local\\/sbin:\\/usr\\/local\\/bin:\\/usr\\/sbin:\\/usr\\/bin:\\/sbin:\\/bin","SERVER_SIGNATURE":"<address>Apache\\/2.4.12 (Ubuntu) Server at rename.canabina.lc Port 80<\\/address>\\n","SERVER_SOFTWARE":"Apache\\/2.4.12 (Ubuntu)","SERVER_NAME":"rename.canabina.lc","SERVER_ADDR":"127.0.0.1","SERVER_PORT":"80","REMOTE_ADDR":"127.0.0.1","DOCUMENT_ROOT":"\\/var\\/www\\/rename","REQUEST_SCHEME":"http","CONTEXT_PREFIX":"","CONTEXT_DOCUMENT_ROOT":"\\/var\\/www\\/rename","SERVER_ADMIN":"webmaster@localhost","SCRIPT_FILENAME":"\\/var\\/www\\/rename\\/index.php","REMOTE_PORT":"53192","REDIRECT_URL":"\\/api\\/v1\\/streets","GATEWAY_INTERFACE":"CGI\\/1.1","SERVER_PROTOCOL":"HTTP\\/1.1","REQUEST_METHOD":"GET","QUERY_STRING":"","REQUEST_URI":"\\/api\\/v1\\/streets","SCRIPT_NAME":"\\/index.php","PHP_SELF":"\\/index.php","REQUEST_TIME_FLOAT":1457186497.007,"REQUEST_TIME":1457186497}'),
(36, '{"REDIRECT_STATUS":"200","HTTP_HOST":"rename.canabina.lc","HTTP_CONNECTION":"keep-alive","HTTP_ACCEPT":"text\\/html,application\\/xhtml+xml,application\\/xml;q=0.9,image\\/webp,*\\/*;q=0.8","HTTP_UPGRADE_INSECURE_REQUESTS":"1","HTTP_USER_AGENT":"Mozilla\\/5.0 (X11; Linux x86_64) AppleWebKit\\/537.36 (KHTML, like Gecko) Ubuntu Chromium\\/48.0.2564.116 Chrome\\/48.0.2564.116 Safari\\/537.36","HTTP_REFERER":"http:\\/\\/rename.canabina.lc\\/docs","HTTP_ACCEPT_ENCODING":"gzip, deflate, sdch","HTTP_ACCEPT_LANGUAGE":"ru-RU,ru;q=0.8,en-US;q=0.6,en;q=0.4","HTTP_COOKIE":"PHPSESSID=1evae18l2nlu0drs36o5crv1s3; _gat=1; _ga=GA1.2.1705142118.1457180359","PATH":"\\/usr\\/local\\/sbin:\\/usr\\/local\\/bin:\\/usr\\/sbin:\\/usr\\/bin:\\/sbin:\\/bin","SERVER_SIGNATURE":"<address>Apache\\/2.4.12 (Ubuntu) Server at rename.canabina.lc Port 80<\\/address>\\n","SERVER_SOFTWARE":"Apache\\/2.4.12 (Ubuntu)","SERVER_NAME":"rename.canabina.lc","SERVER_ADDR":"127.0.0.1","SERVER_PORT":"80","REMOTE_ADDR":"127.0.0.1","DOCUMENT_ROOT":"\\/var\\/www\\/rename","REQUEST_SCHEME":"http","CONTEXT_PREFIX":"","CONTEXT_DOCUMENT_ROOT":"\\/var\\/www\\/rename","SERVER_ADMIN":"webmaster@localhost","SCRIPT_FILENAME":"\\/var\\/www\\/rename\\/index.php","REMOTE_PORT":"39456","REDIRECT_URL":"\\/api\\/v1\\/streets","GATEWAY_INTERFACE":"CGI\\/1.1","SERVER_PROTOCOL":"HTTP\\/1.1","REQUEST_METHOD":"GET","QUERY_STRING":"","REQUEST_URI":"\\/api\\/v1\\/streets","SCRIPT_NAME":"\\/index.php","PHP_SELF":"\\/index.php","REQUEST_TIME_FLOAT":1457518387.841,"REQUEST_TIME":1457518387}');

--
-- Индексы сохранённых таблиц
--

--
-- Индексы таблицы `areas`
--
ALTER TABLE `areas`
  ADD PRIMARY KEY (`id`);

--
-- Индексы таблицы `data`
--
ALTER TABLE `data`
  ADD PRIMARY KEY (`id`);

--
-- Индексы таблицы `stats`
--
ALTER TABLE `stats`
  ADD PRIMARY KEY (`id`);

--
-- AUTO_INCREMENT для сохранённых таблиц
--

--
-- AUTO_INCREMENT для таблицы `areas`
--
ALTER TABLE `areas`
  MODIFY `id` int(11) NOT NULL AUTO_INCREMENT,AUTO_INCREMENT=3;
--
-- AUTO_INCREMENT для таблицы `data`
--
ALTER TABLE `data`
  MODIFY `id` int(11) NOT NULL AUTO_INCREMENT,AUTO_INCREMENT=131;
--
-- AUTO_INCREMENT для таблицы `stats`
--
ALTER TABLE `stats`
  MODIFY `id` int(11) NOT NULL AUTO_INCREMENT,AUTO_INCREMENT=37;
/*!40101 SET CHARACTER_SET_CLIENT=@OLD_CHARACTER_SET_CLIENT */;
/*!40101 SET CHARACTER_SET_RESULTS=@OLD_CHARACTER_SET_RESULTS */;
/*!40101 SET COLLATION_CONNECTION=@OLD_COLLATION_CONNECTION */;
